Date,Open,High,Low,Close,Volume,Dividends,Stock Splits
2022-01-03 00:00:00-05:00,838.6004261333746,842.0065318448653,826.8113721360733,832.5643310546875,470800,0.0,0.0
2022-01-04 00:00:00-05:00,838.0342216511935,846.9467684501665,836.9749691315293,837.57763671875,495800,0.0,0.0
2022-01-05 00:00:00-05:00,838.4269503869073,845.138726732901,813.4791424946071,814.3375244140625,573300,0.0,0.0
2022-01-06 00:00:00-05:00,815.7893798529616,820.190865088909,807.2695455322945,817.7344360351562,637000,0.0,0.0
2022-01-07 00:00:00-05:00,817.5335768907444,818.7754744911623,807.2421350039319,814.7940673828125,643300,0.0,0.0
2022-01-10 00:00:00-05:00,811.5340885678252,812.6024817281624,787.9195287001601,797.5078125,788500,0.0,0.0
2022-01-11 00:00:00-05:00,796.0557244810974,811.7256927674707,786.942308269617,811.0682373046875,744500,0.0,0.0
2022-01-12 00:00:00-05:00,817.7892325882029,821.8254276431073,804.3747655154239,808.2557373046875,650900,0.0,0.0
2022-01-13 00:00:00-05:00,813.3877110135949,813.7803673359095,789.0882762243646,792.2478637695312,795900,0.0,0.0
2022-01-14 00:00:00-05:00,771.628504468887,784.1845896007771,760.5517499991533,774.9158935546875,1239700,0.0,0.0
2022-01-18 00:00:00-05:00,762.4968950565044,767.0170973778854,752.6255302972277,759.7573852539062,1018400,0.0,0.0
2022-01-19 00:00:00-05:00,767.0626792237658,767.0626792237658,753.3651313804843,753.8217163085938,795100,0.0,0.0
2022-01-20 00:00:00-05:00,756.2506464850491,773.153427717698,752.214451738077,754.7804565429688,945800,0.0,0.0
2022-01-21 00:00:00-05:00,754.1869342491477,754.1869342491477,729.4308594612131,731.3759155273438,1248100,0.0,0.0
2022-01-24 00:00:00-05:00,711.8706831737683,719.9522140195822,688.5757114762755,718.5003051757812,1688700,0.0,0.0
2022-01-25 00:00:00-05:00,706.8026233411103,735.7409788877712,697.5430674389804,729.2117919921875,1220000,0.0,0.0
2022-01-26 00:00:00-05:00,740.5807239787063,748.7718305106275,716.0073486474801,726.399169921875,942700,0.0,0.0
2022-01-27 00:00:00-05:00,737.5307219006428,743.8407566508619,715.6420677832627,719.5413208007812,696600,0.0,0.0
2022-01-28 00:00:00-05:00,716.6101187252871,738.3801148709532,705.5607846173397,737.9691772460938,602800,0.0,0.0
2022-01-31 00:00:00-05:00,735.2934652439683,752.1505438639654,735.1108201392304,751.4839477539062,611200,0.0,0.0
2022-02-01 00:00:00-05:00,756.0223821118965,759.1363223315298,749.3197470137638,754.2326049804688,631900,0.0,0.0
2022-02-02 00:00:00-05:00,757.9765888895356,758.0770241920249,744.7174011616372,751.09130859375,1030400,0.0,0.0
2022-02-03 00:00:00-05:00,745.6031650307202,752.2053650559625,732.8096468147235,735.8048706054688,582600,0.0,0.0
2022-02-04 00:00:00-05:00,732.3621793067292,746.4615232425016,728.0702701013556,739.503173828125,667400,0.0,0.0
2022-02-07 00:00:00-05:00,739.6674535767976,753.145847204092,733.9510023635806,745.986572265625,568500,0.0,0.0
2022-02-08 00:00:00-05:00,745.1282770734832,746.8633219911718,731.7047255747427,737.2841796875,971600,0.0,0.0
2022-02-09 00:00:00-05:00,748.1144161810881,753.2464263929103,742.3796826430573,742.4071044921875,1197800,0.0,0.0
2022-02-10 00:00:00-05:00,733.9419031520521,739.7131426431642,703.332491123086,710.6195678710938,2082100,0.0,0.0
2022-02-11 00:00:00-05:00,715.1764003416312,716.8292356421853,701.5519209491124,705.4146118164062,1271900,0.0,0.0
2022-02-14 00:00:00-05:00,698.5748827619414,706.6746942640175,687.5711980433061,694.2921142578125,951400,0.0,0.0
2022-02-15 00:00:00-05:00,708.8024830400522,716.1534895414234,707.2044357251684,713.3591918945312,550400,0.0,0.0
2022-02-16 00:00:00-05:00,709.6881962537382,719.3495488663402,709.1220354059461,715.3955078125,627200,0.0,0.0
2022-02-17 00:00:00-05:00,706.6199406881019,710.0899748791242,694.8583088727075,696.2919921875,497600,0.0,0.0
2022-02-18 00:00:00-05:00,694.5569112451348,699.0223248385888,687.114610991505,690.3746337890625,494300,0.0,0.0
2022-02-22 00:00:00-05:00,684.8773008947805,692.5479489589851,672.7778019123061,680.749755859375,690100,0.0,0.0
2022-02-23 00:00:00-05:00,685.7904761523845,691.6804321346065,667.6823045649626,668.8876953125,814100,0.0,0.0
2022-02-24 00:00:00-05:00,648.6062395330961,670.8784074710812,644.1225448297287,668.2484741210938,1173900,0.0,0.0
2022-02-25 00:00:00-05:00,672.138630629447,685.7631086520835,669.7187640629697,685.6718139648438,676400,0.0,0.0
2022-02-28 00:00:00-05:00,675.8188592486487,682.8137168219804,671.5634558994811,679.2980346679688,795800,0.0,0.0
2022-03-01 00:00:00-05:00,676.0652571712814,677.3072104913638,649.8846939127889,652.742919921875,863400,0.0,0.0
2022-03-02 00:00:00-05:00,657.4823071726399,681.0420786992331,655.6742486632643,673.9558715820312,948200,0.0,0.0
2022-03-03 00:00:00-05:00,682.1103850934143,687.1602405912445,666.2212647987591,673.6544799804688,694400,0.0,0.0
2022-03-04 00:00:00-05:00,663.6991438921343,666.8337647463179,639.3481967449519,640.3410034179688,2160700,4.88,0.0
2022-03-07 00:00:00-05:00,639.7985669489589,645.0842591328044,620.3472443993187,622.3971557617188,1154400,0.0,0.0
2022-03-08 00:00:00-05:00,620.4942041139686,623.5277201127597,606.8433540661047,609.3436889648438,1180200,0.0,0.0
2022-03-09 00:00:00-05:00,631.4794214284628,645.6634561826703,625.0906164070952,637.2706909179688,1432500,0.0,0.0
2022-03-10 00:00:00-05:00,626.5061136753869,648.825548022787,626.3590582475267,640.901611328125,1007800,0.0,0.0
2022-03-11 00:00:00-05:00,643.8155154221223,648.0532470723881,630.7897505914938,631.5618896484375,814600,0.0,0.0
2022-03-14 00:00:00-04:00,639.6973105768344,653.0264442159341,638.2908302340907,641.2048950195312,758700,0.0,0.0
2022-03-15 00:00:00-04:00,645.8471078369979,657.2641846777751,643.8063423119346,650.5260620117188,639400,0.0,0.0
2022-03-16 00:00:00-04:00,664.3976433732001,672.8547610149723,654.0376700540336,672.0733642578125,1162300,0.0,0.0
2022-03-17 00:00:00-04:00,662.834896222274,683.0308629331583,662.834896222274,681.1004028320312,544800,0.0,0.0
2022-03-18 00:00:00-04:00,682.4977574598961,682.4977574598961,670.483142951039,678.949462890625,1227100,0.0,0.0
2022-03-21 00:00:00-04:00,680.1351242262392,683.9040291649634,669.1500685641098,674.5736694335938,589300,0.0,0.0
2022-03-22 00:00:00-04:00,680.4662146557813,688.6383678707696,677.8463722743797,686.5608520507812,565600,0.0,0.0
2022-03-23 00:00:00-04:00,686.5332208443276,686.5332208443276,670.7496458511046,676.9913940429688,761300,0.0,0.0
2022-03-24 00:00:00-04:00,680.282323982082,683.3710492300579,675.0334379600542,678.6644897460938,463000,0.0,0.0
2022-03-25 00:00:00-04:00,680.2087267519898,683.8857293280945,675.9433902981227,681.2014770507812,419800,0.0,0.0
2022-03-28 00:00:00-04:00,684.3820640574494,691.5706104019667,680.2454364036433,689.32763671875,448900,0.0,0.0
2022-03-29 00:00:00-04:00,703.9437569446111,714.03711065801,700.6160181283205,710.8013305664062,795100,0.0,0.0
2022-03-30 00:00:00-04:00,713.8440323154585,719.837564098507,710.7737667737078,714.588623046875,791800,0.0,0.0
2022-03-31 00:00:00-04:00,720.361709415025,721.1338486662881,702.4638671875,702.4638671875,931600,0.0,0.0
2022-04-01 00:00:00-04:00,705.9845877034651,712.2630861398986,702.8223628267788,707.6024780273438,683300,0.0,0.0
2022-04-04 00:00:00-04:00,709.2019482046583,724.9671208893124,707.5473080886271,719.0654907226562,882000,0.0,0.0
2022-04-05 00:00:00-04:00,716.767344592225,718.1738251223311,700.6437071923815,702.7028198242188,754100,0.0,0.0
2022-04-06 00:00:00-04:00,691.5063193047121,696.8655664423411,677.5613022942534,685.0531616210938,845600,0.0,0.0
2022-04-07 00:00:00-04:00,685.0531746248433,692.4163816381547,676.669612809922,688.4176635742188,475500,0.0,0.0
2022-04-08 00:00:00-04:00,686.680441021928,686.680441021928,674.9140404024487,676.6605834960938,820900,0.0,0.0
2022-04-11 00:00:00-04:00,673.3971025594101,678.0209606042508,668.5618348034475,669.5638427734375,591700,0.0,0.0
2022-04-12 00:00:00-04:00,669.5822711516842,676.4030960313726,653.9917581772114,658.946533203125,955300,0.0,0.0
2022-04-13 00:00:00-04:00,659.1027228157594,668.3503822054233,653.6607746217471,657.9444580078125,908700,0.0,0.0
2022-04-14 00:00:00-04:00,658.1926709487844,661.2261868911991,632.573159663578,632.6007080078125,1103900,0.0,0.0
2022-04-18 00:00:00-04:00,631.5252087761373,635.652635297486,622.7555776037385,625.0904541015625,834100,0.0,0.0
2022-04-19 00:00:00-04:00,626.4694520164081,647.7592769387401,626.4694520164081,644.9188232421875,998200,0.0,0.0
2022-04-20 00:00:00-04:00,650.563030442684,653.3942826255804,641.2050636491934,642.5563354492188,928200,0.0,0.0
2022-04-21 00:00:00-04:00,651.721284417342,651.840791523014,624.7872442366161,626.4327392578125,804900,0.0,0.0
2022-04-22 00:00:00-04:00,626.009684292631,628.6019778238162,609.0311519449697,609.4080200195312,797000,0.0,0.0
2022-04-25 00:00:00-04:00,606.9811753693576,615.0522227734439,595.6744039236102,614.3168334960938,1138200,0.0,0.0
2022-04-26 00:00:00-04:00,609.1506372594422,614.8224544108098,594.626487585656,594.8011474609375,806200,0.0,0.0
2022-04-27 00:00:00-04:00,593.9646764234311,602.6148010515827,589.9383537627485,591.0966186523438,631800,0.0,0.0
2022-04-28 00:00:00-04:00,597.5130776901807,601.5578040433475,587.6954849310812,598.4047241210938,1127300,0.0,0.0
2022-04-29 00:00:00-04:00,596.6304835175357,598.6896523165155,572.895422541637,574.237548828125,1011600,0.0,0.0
2022-05-02 00:00:00-04:00,578.8613918160355,579.8173923676552,560.7429399037172,574.3478393554688,1537000,0.0,0.0
2022-05-03 00:00:00-04:00,579.5969012472907,589.883321192312,574.6788752062797,580.1024780273438,887200,0.0,0.0
2022-05-04 00:00:00-04:00,581.2605488238662,612.6713262618725,579.1278806891708,611.5130615234375,1038100,0.0,0.0
2022-05-05 00:00:00-04:00,598.698795061285,603.8558343606451,576.0300964693121,582.6303100585938,889500,0.0,0.0
2022-05-06 00:00:00-04:00,580.3230214575649,585.6546649004861,567.1409963453277,577.8594360351562,725700,0.0,0.0
2022-05-09 00:00:00-04:00,566.9202508616403,573.9341380190612,554.7126310406302,556.6614379882812,1079400,0.0,0.0
2022-05-10 00:00:00-04:00,565.7987533616697,574.7798498216216,547.7171094799284,560.9542846679688,1179800,0.0,0.0
2022-05-11 00:00:00-04:00,555.9261198088142,571.2132650195013,551.2195602265409,551.8721923828125,1170600,0.0,0.0
2022-05-12 00:00:00-04:00,545.1156138373728,555.9995657887554,538.7268108518533,551.9180908203125,1117500,0.0,0.0
2022-05-13 00:00:00-04:00,557.6818352325663,573.0609383895412,554.3909579535339,565.642578125,1684400,0.0,0.0
2022-05-16 00:00:00-04:00,551.5504011129484,556.2937098756122,535.9690910601861,550.263427734375,2287300,0.0,0.0
2022-05-17 00:00:00-04:00,565.9918932260524,574.8718306860096,550.0336577413824,562.3240356445312,1564500,0.0,0.0
2022-05-18 00:00:00-04:00,556.0456135263896,557.43369117063,539.9770718624055,544.0677490234375,967300,0.0,0.0
2022-05-19 00:00:00-04:00,538.221393630539,550.9713989279282,535.5371967538837,545.1893310546875,1301100,0.0,0.0
2022-05-20 00:00:00-04:00,548.654881645326,558.1507592287311,539.738192728742,551.9550170898438,1200800,0.0,0.0
2022-05-23 00:00:00-04:00,560.4947491928386,565.6793369564084,551.4034017971549,562.1310424804688,918600,0.0,0.0
2022-05-24 00:00:00-04:00,559.1249691150379,571.9760743914381,546.5220794517089,568.4185791015625,1133600,0.0,0.0
2022-05-25 00:00:00-04:00,565.3390962822322,582.4003844883717,565.3390962822322,576.0023803710938,959300,0.0,0.0
2022-05-26 00:00:00-04:00,580.3414094506002,600.2156068355407,580.2403053303375,599.7559814453125,1651200,0.0,0.0
2022-05-27 00:00:00-04:00,603.80979484199,618.3982988414069,603.157162758636,612.7081909179688,980700,0.0,0.0
2022-05-31 00:00:00-04:00,606.4021261572012,617.9111634940019,601.5485113757252,615.0523071289062,2519000,0.0,0.0
2022-06-01 00:00:00-04:00,618.3615822234203,621.8731267896752,605.6391833773894,607.17431640625,919900,0.0,0.0
2022-06-02 00:00:00-04:00,608.9208830786883,633.547647325927,608.0935910425786,631.0564575195312,955500,0.0,0.0
2022-06-03 00:00:00-04:00,623.5849435396499,627.1771766731135,618.344758622779,621.91845703125,788500,4.88,0.0
2022-06-06 00:00:00-04:00,630.1120832876383,636.9261938679339,624.1126529541052,625.25146484375,605300,0.0,0.0
2022-06-07 00:00:00-04:00,617.5948581487448,629.6306760805671,617.3911456917313,629.2047729492188,545100,0.0,0.0
2022-06-08 00:00:00-04:00,624.1404440947758,627.1771438945251,613.1600893265723,613.2803955078125,481900,0.0,0.0
2022-06-09 00:00:00-04:00,611.7620845239858,620.5574893262508,610.5492467536899,610.9102783203125,969000,0.0,0.0
2022-06-10 00:00:00-04:00,595.0137737278122,600.4946839971836,571.8587036132812,571.8587036132812,1149800,0.0,0.0
2022-06-13 00:00:00-04:00,555.591861897994,561.61903835826,544.278219919157,554.314208984375,1226200,0.0,0.0
2022-06-14 00:00:00-04:00,552.4532364889831,559.6747148321064,543.7041127330659,547.379638671875,750400,0.0,0.0
2022-06-15 00:00:00-04:00,554.0365291362326,565.4150438576545,546.0373812994214,555.4067993164062,922800,0.0,0.0
2022-06-16 00:00:00-04:00,538.1954148015865,543.2967583253961,532.9088935702185,542.3246459960938,1005900,0.0,0.0
2022-06-17 00:00:00-04:00,543.8614868056269,550.7311444463752,536.1492903974004,539.074951171875,1436700,0.0,0.0
2022-06-21 00:00:00-04:00,552.4904019149391,571.1088751271524,551.5645696536657,568.9609375,1130200,0.0,0.0
2022-06-22 00:00:00-04:00,560.396885908625,575.7934780996036,558.3878460938744,564.0910034179688,942900,0.0,0.0
2022-06-23 00:00:00-04:00,567.914698992108,582.0614419839777,564.1373443416434,578.3766479492188,849900,0.0,0.0
2022-06-24 00:00:00-04:00,585.5332456317175,600.2539983748239,585.2832528863086,599.7355346679688,1013800,0.0,0.0
2022-06-27 00:00:00-04:00,601.7909312978826,604.3369698533736,586.84798599566,589.6810302734375,637200,0.0,0.0
2022-06-28 00:00:00-04:00,594.7546121052233,599.9392496843561,580.0338579124215,582.4595336914062,518300,0.0,0.0
2022-06-29 00:00:00-04:00,581.06156667129,583.0058483073387,568.2665581554185,572.1273193359375,535200,0.0,0.0
2022-06-30 00:00:00-04:00,561.8504063553679,570.1644163244631,552.0921572030381,563.8687133789062,721800,0.0,0.0
2022-07-01 00:00:00-04:00,562.2115683144905,573.3400887456719,561.0357434113138,570.960693359375,502700,0.0,0.0
2022-07-05 00:00:00-04:00,560.1005795195961,575.108337161447,553.1846413368265,574.6824340820312,572800,0.0,0.0
2022-07-06 00:00:00-04:00,576.3767422800863,578.0340178461103,564.7020134717224,569.14599609375,512800,0.0,0.0
2022-07-07 00:00:00-04:00,573.2845509716891,580.3578657134002,572.284636418594,577.4415283203125,507900,0.0,0.0
2022-07-08 00:00:00-04:00,572.9327421361579,577.2100822748823,567.4147620161181,573.6085815429688,347000,0.0,0.0
2022-07-11 00:00:00-04:00,566.6461938349238,568.3590169305274,558.9525322173745,560.1283569335938,460100,0.0,0.0
2022-07-12 00:00:00-04:00,557.3509239852319,570.7106744020871,556.1936338606779,558.5452270507812,499700,0.0,0.0
2022-07-13 00:00:00-04:00,550.8701132626963,555.5455541828442,539.991585815912,552.1477661132812,601500,0.0,0.0
2022-07-14 00:00:00-04:00,541.5006032817321,547.3703462851241,537.1954620485416,544.9724731445312,1136500,0.0,0.0
2022-07-15 00:00:00-04:00,550.8608762922382,559.0174554867012,542.0840053633814,555.8418579101562,1053000,0.0,0.0
2022-07-18 00:00:00-04:00,560.5543667511182,567.8776743620894,550.4535061180705,553.2125244140625,830900,0.0,0.0
2022-07-19 00:00:00-04:00,563.2021890252398,582.9502035115414,561.470887521449,581.7373657226562,922700,0.0,0.0
2022-07-20 00:00:00-04:00,582.3205794956541,591.8844407579544,580.0245340070499,587.6533813476562,671500,0.0,0.0
2022-07-21 00:00:00-04:00,587.1997621047589,594.8193424651694,583.9871517320945,591.8937377929688,722000,0.0,0.0
2022-07-22 00:00:00-04:00,593.8657664548781,597.2820892906,580.9411295177301,586.644287109375,512600,0.0,0.0
2022-07-25 00:00:00-04:00,589.4957531521467,591.865937437665,582.5428019542867,588.9680786132812,472100,0.0,0.0
2022-07-26 00:00:00-04:00,587.0979796553105,587.0979796553105,574.2752262417074,576.7379150390625,498500,0.0,0.0
2022-07-27 00:00:00-04:00,582.1724305482936,598.4763188672507,579.0523811598833,595.6062622070312,468600,0.0,0.0
2022-07-28 00:00:00-04:00,599.5966959273571,614.6970164390444,591.4308493640658,611.0307006835938,550900,0.0,0.0
2022-07-29 00:00:00-04:00,611.8916900228643,624.7885813600311,611.2343853738965,619.54833984375,894300,0.0,0.0
2022-08-01 00:00:00-04:00,612.2528108390289,624.751545299787,606.8644607571714,621.594482421875,569900,0.0,0.0
2022-08-02 00:00:00-04:00,614.5488908095994,627.6123688662195,613.8174472467824,616.7523193359375,711600,0.0,0.0
2022-08-03 00:00:00-04:00,623.1498365438699,640.1573681973683,619.3168779758315,639.3240966796875,901800,0.0,0.0
2022-08-04 00:00:00-04:00,641.129541291254,647.5085388122834,639.8148753687592,644.3884887695312,746300,0.0,0.0
2022-08-05 00:00:00-04:00,636.2781754256688,648.0825359010086,635.3893561762977,644.3143920898438,549000,0.0,0.0
2022-08-08 00:00:00-04:00,648.0824861268997,652.9986524399014,642.749684056869,644.629150390625,490600,0.0,0.0
2022-08-09 00:00:00-04:00,643.6848218088229,646.7585914210397,637.889103332724,644.8513793945312,486200,0.0,0.0
2022-08-10 00:00:00-04:00,658.368462745676,671.4782771588403,657.3870829626027,671.4227294921875,822200,0.0,0.0
2022-08-11 00:00:00-04:00,677.8108253390421,682.2270618882641,673.4964732521277,674.6074829101562,692300,0.0,0.0
2022-08-12 00:00:00-04:00,678.1719497015055,696.6330423059304,674.0335077262879,696.0682983398438,765900,0.0,0.0
2022-08-15 00:00:00-04:00,689.9393857799023,702.8084185535351,688.4024727908964,699.762451171875,720500,0.0,0.0
2022-08-16 00:00:00-04:00,693.4945469901891,707.0302082357974,692.6798101935791,700.9197387695312,664300,0.0,0.0
2022-08-17 00:00:00-04:00,689.2542139827093,691.4021512906147,680.0607077756886,688.096923828125,594100,0.0,0.0
2022-08-18 00:00:00-04:00,685.0046963570793,692.4854359589896,679.7274417950675,689.9486083984375,785600,0.0,0.0
2022-08-19 00:00:00-04:00,681.4494915963348,682.5697688675463,659.4795122354856,660.9052734375,774900,0.0,0.0
2022-08-22 00:00:00-04:00,647.2400932839782,650.100883295215,640.879573731282,643.4996948242188,675600,0.0,0.0
2022-08-23 00:00:00-04:00,641.2129220423681,651.8321909337733,640.6759235095834,645.2772827148438,403500,0.0,0.0
2022-08-24 00:00:00-04:00,643.351551823646,652.0821426995543,642.5368149659632,648.4713745117188,386000,0.0,0.0
2022-08-25 00:00:00-04:00,651.4988259953302,659.0906609048692,648.3695088167844,657.8963012695312,363700,0.0,0.0
2022-08-26 00:00:00-04:00,660.4422726511327,661.2940788261901,625.6495447723645,626.2698364257812,633200,0.0,0.0
2022-08-29 00:00:00-04:00,622.1129610418689,629.2140782272164,620.4464743756286,625.7607421875,379500,0.0,0.0
2022-08-30 00:00:00-04:00,630.5379418620741,631.102685882387,618.8354105290069,622.8257446289062,486400,0.0,0.0
2022-08-31 00:00:00-04:00,628.3161059789298,631.500971315682,615.7154855703784,616.9653930664062,651400,0.0,0.0
2022-09-01 00:00:00-04:00,612.1696250277713,616.10441249304,602.5224113092856,615.5396118164062,485400,0.0,0.0
2022-09-02 00:00:00-04:00,626.843923943947,629.1307587778957,605.5405167666167,609.2531127929688,502000,0.0,0.0
2022-09-06 00:00:00-04:00,614.6722336496618,622.3580760413092,604.3373591380347,617.1347045898438,656300,4.88,0.0
2022-09-07 00:00:00-04:00,619.3640567714225,631.6110566365593,615.4464992844167,628.8780517578125,482700,0.0,0.0
2022-09-08 00:00:00-04:00,623.3096005775017,645.8634675086025,615.9501963439541,645.3877563476562,860100,0.0,0.0
2022-09-09 00:00:00-04:00,648.2606121927959,654.0809573574188,646.2831886927761,648.689697265625,536600,0.0,0.0
2022-09-12 00:00:00-04:00,650.32191385491,654.6031996407178,643.8206240902509,649.9487915039062,756400,0.0,0.0
2022-09-13 00:00:00-04:00,628.728843044256,629.0179929820465,600.0468088134229,601.5391845703125,1239900,0.0,0.0
2022-09-14 00:00:00-04:00,606.8465045884994,611.7341573953039,593.9372897147716,600.2986450195312,831800,0.0,0.0
2022-09-15 00:00:00-04:00,598.377204873031,605.3261399381042,587.7531792443766,589.8145751953125,778000,0.0,0.0
2022-09-16 00:00:00-04:00,581.8768508254086,586.2047631132253,574.4334747573406,584.5911254882812,2693900,0.0,0.0
2022-09-19 00:00:00-04:00,579.0693081962736,593.6201715122974,579.0693081962736,592.0438232421875,566400,0.0,0.0
2022-09-20 00:00:00-04:00,584.5259404349828,587.3428613100473,577.7168824838847,580.4591674804688,561600,0.0,0.0
2022-09-21 00:00:00-04:00,587.0163532703718,589.6466556766796,566.7570128822692,567.1954345703125,816600,0.0,0.0
2022-09-22 00:00:00-04:00,564.4997769623102,567.1021265036161,552.7191510608328,560.1158447265625,854700,0.0,0.0
2022-09-23 00:00:00-04:00,553.3347568183809,558.9405882861541,543.8860034293986,551.6185302734375,978900,0.0,0.0
2022-09-26 00:00:00-04:00,550.3219720498353,553.8570706634512,543.7180924447008,545.331787109375,692600,0.0,0.0
2022-09-27 00:00:00-04:00,553.4186947888287,555.7878569733709,535.3606861389741,539.6885986328125,769400,0.0,0.0
2022-09-28 00:00:00-04:00,543.0185548444708,549.2306960431468,537.403443693546,546.059326171875,885400,0.0,0.0
2022-09-29 00:00:00-04:00,538.6345883619522,540.9291716127309,522.0596757858087,525.995849609375,877300,0.0,0.0
2022-09-30 00:00:00-04:00,523.8411372011462,529.3910049780535,512.6015234596326,513.2731323242188,851300,0.0,0.0
2022-10-03 00:00:00-04:00,517.6757536998143,539.5300584162399,506.6972785071992,534.2040405273438,948900,0.0,0.0
2022-10-04 00:00:00-04:00,544.3150165478895,551.5718312596388,543.1304070731816,551.5344848632812,778800,0.0,0.0
2022-10-05 00:00:00-04:00,542.011217291048,548.6803394158221,535.3420382357849,543.9326782226562,556600,0.0,0.0
2022-10-06 00:00:00-04:00,541.1810410171017,545.6582253259868,532.3758872064168,533.168701171875,566700,0.0,0.0
2022-10-07 00:00:00-04:00,526.8446319979254,526.8446319979254,510.2043648394477,513.3850708007812,625900,0.0,0.0
2022-10-10 00:00:00-04:00,520.054161056856,520.604507981867,504.9250005491659,508.8518371582031,512400,0.0,0.0
2022-10-11 00:00:00-04:00,499.1886348264609,506.436113236457,491.5027916851368,495.42034912109375,932700,0.0,0.0
2022-10-12 00:00:00-04:00,495.42973964306816,502.22012393137135,491.55880785267715,495.383056640625,797100,0.0,0.0
2022-10-13 00:00:00-04:00,471.0943571485883,528.7755986611845,469.28482123717424,527.964111328125,2345300,0.0,0.0
2022-10-14 00:00:00-04:00,529.1019313951344,543.4942432967098,510.76410898535397,513.8981323242188,1276400,0.0,0.0
2022-10-17 00:00:00-04:00,527.9359120673446,536.0787922813016,527.9359120673446,530.9673461914062,890900,0.0,0.0
2022-10-18 00:00:00-04:00,550.3219949565587,550.5551822425573,534.6238109225998,541.9832153320312,800600,0.0,0.0
2022-10-19 00:00:00-04:00,542.6081549226773,548.5404828943925,534.9036376912333,539.0357666015625,815400,0.0,0.0
2022-10-20 00:00:00-04:00,541.3396158814403,551.0122199455033,530.9954597606642,533.8682861328125,820800,0.0,0.0
2022-10-21 00:00:00-04:00,535.1834235872047,558.1943259771233,532.5437279192605,557.0936889648438,830800,0.0,0.0
2022-10-24 00:00:00-04:00,565.0686867735964,573.6406526241753,562.2144770231247,570.320068359375,948900,0.0,0.0
2022-10-25 00:00:00-04:00,568.9769705873969,593.5548874463126,568.9769705873969,593.1724853515625,956000,0.0,0.0
2022-10-26 00:00:00-04:00,592.2956626089803,598.4984667297566,591.3909233328877,594.9073486328125,1069200,0.0,0.0
2022-10-27 00:00:00-04:00,600.3453251963946,613.030690552053,598.7036776239117,605.3355102539062,943600,0.0,0.0
2022-10-28 00:00:00-04:00,605.167632578709,620.2688434807594,602.126861263719,619.1122436523438,862600,0.0,0.0
2022-10-31 00:00:00-04:00,613.7582216785994,618.076854406163,601.8283246957316,602.471923828125,1037400,0.0,0.0
2022-11-01 00:00:00-04:00,612.5736878279803,613.8795594531654,604.8971802885272,608.1524658203125,771100,0.0,0.0
2022-11-02 00:00:00-04:00,606.7439906377359,618.6178692005204,595.0007106203805,595.8494873046875,1061500,0.0,0.0
2022-11-03 00:00:00-04:00,584.3114337004693,595.6723125637449,581.0841008488015,591.185791015625,717200,0.0,0.0
2022-11-04 00:00:00-04:00,602.6212491088955,615.9782237449874,599.459215832657,612.0233764648438,707300,0.0,0.0
2022-11-07 00:00:00-05:00,615.847624867797,632.9355960880632,611.4636924868053,630.8182373046875,798500,0.0,0.0
2022-11-08 00:00:00-05:00,632.413166411997,644.9026893396137,629.4283581890252,640.1736450195312,1084300,0.0,0.0
2022-11-09 00:00:00-05:00,631.8162073427957,636.9090375532262,622.1995670987039,624.58740234375,539200,0.0,0.0
2022-11-10 00:00:00-05:00,653.5959273504989,710.9599974678691,653.0549738580421,708.7120971679688,1795700,0.0,0.0
2022-11-11 00:00:00-05:00,697.6963602800298,732.8143883524172,697.6963602800298,722.6473999023438,1278600,0.0,0.0
2022-11-14 00:00:00-05:00,708.8893043087697,711.6129156953147,674.2003635746514,691.3070068359375,1183000,0.0,0.0
2022-11-15 00:00:00-05:00,706.146983874179,708.8426422551892,683.0521086026347,690.5234375,851300,0.0,0.0
2022-11-16 00:00:00-05:00,683.7050814076292,683.7050814076292,671.7006052012002,678.1365966796875,806400,0.0,0.0
2022-11-17 00:00:00-05:00,667.2047142500138,672.9784330911056,662.4290437144643,672.8012084960938,781200,0.0,0.0
2022-11-18 00:00:00-05:00,681.1213572191442,681.5131528311778,670.6372664418072,672.1483154296875,626800,0.0,0.0
2022-11-21 00:00:00-05:00,668.3894091471906,679.5077631960797,667.3633509126906,675.0305786132812,656800,0.0,0.0
2022-11-22 00:00:00-05:00,678.2859196348957,687.4641971723835,677.2691979175919,684.1249389648438,605500,0.0,0.0
2022-11-23 00:00:00-05:00,682.2872881890539,691.1670777703368,680.216612529655,686.8018188476562,489000,0.0,0.0
2022-11-25 00:00:00-05:00,685.0667799930694,690.0942533145515,678.7147622389973,688.1635131835938,301600,0.0,0.0
2022-11-28 00:00:00-05:00,679.0413466073679,686.7831527718764,671.057016567336,672.670654296875,480100,0.0,0.0
2022-11-29 00:00:00-05:00,673.8739886623221,676.0286369767844,663.6976632941254,665.98291015625,698400,0.0,0.0
2022-11-30 00:00:00-05:00,665.9828295148285,669.517927960836,646.6655759676802,667.8483276367188,2757000,0.0,0.0
2022-12-01 00:00:00-05:00,670.5066007652621,676.2430299292685,663.3711050215387,673.6126708984375,1103900,0.0,0.0
2022-12-02 00:00:00-05:00,658.7727230987537,665.4605181851571,652.6445546984767,665.0314331054688,1142800,0.0,0.0
2022-12-05 00:00:00-05:00,661.3191480288341,666.1414451987469,651.7584692315202,664.8262939453125,1100300,0.0,0.0
2022-12-06 00:00:00-05:00,664.178166903869,669.005561939535,657.4724133942118,667.089599609375,841000,4.88,0.0
2022-12-07 00:00:00-05:00,664.2251122337786,677.7680607366391,661.839617615856,666.0283203125,877800,0.0,0.0
2022-12-08 00:00:00-05:00,666.8172635505916,671.4943578445454,658.5148938076657,660.65625,625800,0.0,0.0
2022-12-09 00:00:00-05:00,657.8199514596515,670.6115689826745,657.4255122027574,663.9528198242188,549000,0.0,0.0
2022-12-12 00:00:00-05:00,662.7507616553644,667.897504139208,659.3321919442882,666.09423828125,701300,0.0,0.0
2022-12-13 00:00:00-05:00,693.7341324725442,697.9698401404164,673.0534439829026,680.106689453125,949800,0.0,0.0
2022-12-14 00:00:00-05:00,675.2230917034497,681.4780017541603,661.5392399410716,668.2449951171875,549200,0.0,0.0
2022-12-15 00:00:00-05:00,657.0404614165477,660.1960900576055,650.69160027633,655.7161865234375,566500,0.0,0.0
2022-12-16 00:00:00-05:00,648.052617686956,660.8442371164516,642.3235886901283,657.6322021484375,1697100,0.0,0.0
2022-12-19 00:00:00-05:00,656.8995023911074,658.3646196511935,645.3288077604237,650.3533935546875,606700,0.0,0.0
2022-12-20 00:00:00-05:00,648.9728412264258,653.0958517610453,645.7608643434302,649.498779296875,590100,0.0,0.0
2022-12-21 00:00:00-05:00,659.7358503703156,672.5650131933264,656.8619642724551,669.5784301757812,652200,0.0,0.0
2022-12-22 00:00:00-05:00,659.9048815447562,664.3471807817292,646.3618763170183,660.5529174804688,623200,0.0,0.0
2022-12-23 00:00:00-05:00,665.6621063952758,666.9111735459461,657.6133332106605,661.1258544921875,363200,0.0,0.0
2022-12-27 00:00:00-05:00,661.717566242356,664.5632497132584,657.8950996128174,660.4872436523438,325100,0.0,0.0
2022-12-28 00:00:00-05:00,661.1823070648803,668.5172959909629,657.6979308047352,657.7355346679688,457700,0.0,0.0
2022-12-29 00:00:00-05:00,663.6616576285703,677.0919098164139,661.6612011840148,672.59326171875,395300,0.0,0.0
2022-12-30 00:00:00-05:00,665.2112324547713,669.5502358872337,655.8851896318581,665.5305786132812,413000,0.0,0.0
2023-01-03 00:00:00-05:00,676.2091032767438,679.533777398257,660.9662414170598,668.7332153320312,540800,0.0,0.0
2023-01-04 00:00:00-05:00,675.880498629686,683.2342322820951,670.0106272017306,677.99365234375,710200,0.0,0.0
2023-01-05 00:00:00-05:00,669.6630486038475,673.551207368328,658.5619423193597,658.590087890625,686700,0.0,0.0
2023-01-06 00:00:00-05:00,670.029334757154,693.6403180407536,667.2587441317838,693.1143798828125,1215700,0.0,0.0
2023-01-09 00:00:00-05:00,697.0683036920638,716.4153747537321,696.6362605686251,707.192626953125,1102800,0.0,0.0
2023-01-10 00:00:00-05:00,704.036996018122,711.6537265218024,699.1063046036647,711.2217407226562,758900,0.0,0.0
2023-01-11 00:00:00-05:00,711.8979059576376,717.2981869065246,702.6563564682245,709.9443969726562,788000,0.0,0.0
2023-01-12 00:00:00-05:00,716.7440412997097,716.7440412997097,696.0727532906255,708.1036376953125,938600,0.0,0.0
2023-01-13 00:00:00-05:00,701.2194896106541,712.3581430542937,690.3719794754755,708.1318359375,984100,0.0,0.0
2023-01-17 00:00:00-05:00,704.5535015132643,706.3661106349318,690.3906619983999,704.130859375,823800,0.0,0.0
2023-01-18 00:00:00-05:00,705.3142547485423,716.6501558010103,700.9846519243765,701.905029296875,728800,0.0,0.0
2023-01-19 00:00:00-05:00,692.9359070587477,696.4578295863209,685.2440259656097,685.4788208007812,650700,0.0,0.0
2023-01-20 00:00:00-05:00,690.0807267991211,697.5096091316119,686.57754936457,696.5986328125,724300,0.0,0.0
2023-01-23 00:00:00-05:00,696.7489873843384,704.4033220993564,690.6725244387026,702.5249633789062,730200,0.0,0.0
2023-01-24 00:00:00-05:00,695.678294341005,711.0339109474471,681.4497617303814,706.32861328125,558200,0.0,0.0
2023-01-25 00:00:00-05:00,697.9041372108182,706.056264239619,687.9488592417586,705.5584716796875,1070300,0.0,0.0
2023-01-26 00:00:00-05:00,704.3845060302475,713.1940128381691,700.8156359976191,712.7432250976562,488700,0.0,0.0
2023-01-27 00:00:00-05:00,706.0186679673973,717.6269108537256,706.0186679673973,713.0061645507812,489400,0.0,0.0
2023-01-30 00:00:00-05:00,704.769590838143,712.1421835481377,701.1349711330548,702.3746948242188,458300,0.0,0.0
2023-01-31 00:00:00-05:00,704.3844401959434,713.5038913846098,700.7122745364876,713.0343017578125,572000,0.0,0.0
2023-02-01 00:00:00-05:00,707.8781576272767,721.5714071588033,699.1156564869997,716.2462768554688,702200,0.0,0.0
2023-02-02 00:00:00-05:00,717.4390239064014,734.2221518607709,716.7252385326838,723.8535766601562,1101700,0.0,0.0
2023-02-03 00:00:00-05:00,704.3845098900802,722.9896504517251,702.4967502319014,711.1090087890625,1201800,0.0,0.0
2023-02-06 00:00:00-05:00,701.5480455371271,704.4970819198517,693.8655667234362,697.2278442382812,691500,0.0,0.0
2023-02-07 00:00:00-05:00,690.5785292924535,698.3831069991151,684.1075701441974,695.7628173828125,730300,0.0,0.0
2023-02-08 00:00:00-05:00,690.6442472413466,696.6550174293145,685.4693603515625,685.4693603515625,517600,0.0,0.0
2023-02-09 00:00:00-05:00,694.16621865603,694.447960989161,670.9966807404214,672.4241943359375,723700,0.0,0.0
2023-02-10 00:00:00-05:00,668.9116453600428,682.2104561672702,667.7658741447096,679.505615234375,626000,0.0,0.0
2023-02-13 00:00:00-05:00,678.8951786588274,692.8232246231179,677.1577197713794,692.0906372070312,583100,0.0,0.0
2023-02-14 00:00:00-05:00,689.1322765588033,697.7163899182523,682.7834147274901,684.8026733398438,466700,0.0,0.0
2023-02-15 00:00:00-05:00,675.4109044922933,683.5629749992956,674.6783170278597,680.1443481445312,479200,0.0,0.0
2023-02-16 00:00:00-05:00,667.578082591661,678.613440137832,666.3195570196126,669.6348876953125,492600,0.0,0.0
2023-02-17 00:00:00-05:00,665.3709655843672,673.1379391597667,663.4174566543253,672.6026000976562,519200,0.0,0.0
2023-02-21 00:00:00-05:00,663.1826451136361,665.4836457293645,650.118629709791,653.4339599609375,646400,0.0,0.0
2023-02-22 00:00:00-05:00,653.433976617144,656.5332567412513,640.5954120562072,645.6011962890625,937900,0.0,0.0
2023-02-23 00:00:00-05:00,654.8616391229309,659.4354382188766,644.7184557361732,649.7619018554688,614800,0.0,0.0
2023-02-24 00:00:00-05:00,641.0555398774177,649.2358111728324,637.3082241202693,641.8632202148438,553500,0.0,0.0
2023-02-27 00:00:00-05:00,652.6169142711219,654.1383801459265,640.238538019477,641.5158081054688,560000,0.0,0.0
2023-02-28 00:00:00-05:00,643.8074451152353,652.1473623380134,641.5815946391856,647.4984130859375,859100,0.0,0.0
2023-03-01 00:00:00-05:00,641.6002849626054,646.399476853917,634.2558968365394,639.1677856445312,635000,0.0,0.0
2023-03-02 00:00:00-05:00,632.0677242795816,645.5919303137077,631.8423303995063,644.1925048828125,490200,0.0,0.0
2023-03-03 00:00:00-05:00,651.4240893301383,653.0489083710784,646.2116560892939,652.9549560546875,812200,0.0,0.0
2023-03-06 00:00:00-05:00,651.1670797993947,661.0431401523894,650.419774353886,651.2049560546875,543300,5.0,0.0
2023-03-07 00:00:00-05:00,651.2050567783667,651.7631542483165,636.8071697936787,638.2166748046875,417200,0.0,0.0
2023-03-08 00:00:00-05:00,640.0707914066172,643.5804079082145,636.315267910197,637.932861328125,554800,0.0,0.0
2023-03-09 00:00:00-05:00,638.0557033572411,638.7557211429869,614.8886020355798,616.0994873046875,787100,0.0,0.0
2023-03-10 00:00:00-05:00,612.7128770348215,616.2697804743087,594.5310633539247,600.727294921875,960900,0.0,0.0
2023-03-13 00:00:00-04:00,591.2580423717819,608.4843479605976,590.3782855132498,591.967529296875,997600,0.0,0.0
2023-03-14 00:00:00-04:00,611.4925259226486,612.9966635110673,590.9647517456232,603.3760375976562,928600,0.0,0.0
2023-03-15 00:00:00-04:00,587.4552071663123,600.225972539493,586.5092245460768,597.6150512695312,1130000,0.0,0.0
2023-03-16 00:00:00-04:00,593.4149161852304,610.5182989921468,587.7390201763077,602.572021484375,726200,0.0,0.0
2023-03-17 00:00:00-04:00,604.2085545156507,604.2085545156507,590.151209494471,602.3165893554688,2701500,0.0,0.0
2023-03-20 00:00:00-04:00,612.495397852618,617.1969619476646,604.9843505599283,608.796630859375,924200,0.0,0.0
2023-03-21 00:00:00-04:00,624.2823347436548,629.2487437473055,622.9674049788536,626.3824462890625,791200,0.0,0.0
2023-03-22 00:00:00-04:00,624.4242029512918,631.3960900068855,612.8926728922423,613.2994384765625,480100,0.0,0.0
2023-03-23 00:00:00-04:00,617.9916058857432,625.2850955492956,610.679120353767,616.5726318359375,483400,0.0,0.0
2023-03-24 00:00:00-04:00,608.0870970971,612.8264793506085,603.6220867610014,610.0452880859375,574100,0.0,0.0
2023-03-27 00:00:00-04:00,619.1740111347106,621.2930028940505,611.5588051095648,613.2994384765625,411100,0.0,0.0
2023-03-28 00:00:00-04:00,611.4264810570398,614.7941771448288,606.7343860997443,611.3318481445312,373300,0.0,0.0
2023-03-29 00:00:00-04:00,616.809094444388,622.2106184186292,615.8347046014206,621.7186889648438,589300,0.0,0.0
2023-03-30 00:00:00-04:00,627.6689435437872,631.556918292664,621.6051625571746,625.3323364257812,392300,0.0,0.0
2023-03-31 00:00:00-04:00,629.1636718157557,633.0043593443373,626.8175954112869,632.9759521484375,516300,0.0,0.0
2023-04-03 00:00:00-04:00,628.6243682339401,634.0070114724414,621.0186312693781,630.4122314453125,622800,0.0,0.0
2023-04-04 00:00:00-04:00,629.9203200219474,633.477223568697,618.5212420964211,623.5065307617188,525100,0.0,0.0
2023-04-05 00:00:00-04:00,617.1400246198755,621.3874765084154,616.1088783625019,620.602294921875,426100,0.0,0.0
2023-04-06 00:00:00-04:00,621.1322045446435,623.4593427230157,618.6632036072028,620.9430541992188,441700,0.0,0.0
2023-04-10 00:00:00-04:00,617.1117028753561,624.1876917200062,615.6359723842182,624.17822265625,393800,0.0,0.0
2023-04-11 00:00:00-04:00,626.2404758569444,635.1705538342811,626.098555372877,633.505615234375,535800,0.0,0.0
2023-04-12 00:00:00-04:00,639.6261868251611,641.0356917243821,627.5270318750728,629.9960327148438,481200,0.0,0.0
2023-04-13 00:00:00-04:00,627.5364831726387,635.3030212334695,622.957959645933,634.4989013671875,694000,0.0,0.0
2023-04-14 00:00:00-04:00,643.48570386993,665.9811970553412,641.4329378636958,653.9861450195312,1117700,0.0,0.0
2023-04-17 00:00:00-04:00,653.9860648883678,661.3363092804697,653.4751974117072,660.6362915039062,586100,0.0,0.0
2023-04-18 00:00:00-04:00,662.5378417044124,663.3513728989152,652.5955551487978,656.5403442382812,593800,0.0,0.0
2023-04-19 00:00:00-04:00,653.6549807301568,661.7147702464056,652.7374054035463,657.6848754882812,348100,0.0,0.0
2023-04-20 00:00:00-04:00,653.1725772075337,661.1756107782553,653.1725772075337,658.7633666992188,580400,0.0,0.0
2023-04-21 00:00:00-04:00,657.9592592005632,658.659277037201,642.2464454390345,644.1573486328125,774500,0.0,0.0
2023-04-24 00:00:00-04:00,645.4249350625482,645.4249350625482,636.7407653436153,637.7719116210938,451800,0.0,0.0
2023-04-25 00:00:00-04:00,634.413801919716,635.4448906482785,622.8917404679438,624.07421875,552200,0.0,0.0
2023-04-26 00:00:00-04:00,620.2713734079216,625.9945569603218,612.4480783238744,615.5225219726562,434700,0.0,0.0
2023-04-27 00:00:00-04:00,621.7471100910544,627.6879089752221,619.8740828799748,626.8837890625,393900,0.0,0.0
2023-04-28 00:00:00-04:00,624.187724771297,635.7287242172982,623.3552554513758,634.9435424804688,529000,0.0,0.0
2023-05-01 00:00:00-04:00,638.6140368183205,639.0964972481917,626.4108365197359,627.1581420898438,560200,0.0,0.0
2023-05-02 00:00:00-04:00,622.2011079796116,623.0146968848169,600.9638451087998,616.2698364257812,719700,0.0,0.0
2023-05-03 00:00:00-04:00,621.9078253286823,627.158016878454,605.6653212823074,607.7086181640625,430700,0.0,0.0
2023-05-04 00:00:00-04:00,604.057140207434,604.057140207434,594.2945934525063,597.539306640625,589300,0.0,0.0
2023-05-05 00:00:00-04:00,607.5006514871143,609.837201115103,603.1112777641985,609.6669311523438,484300,0.0,0.0
2023-05-08 00:00:00-04:00,611.3412841601464,612.0507711436978,606.16678680778,608.3992919921875,374500,0.0,0.0
2023-05-09 00:00:00-04:00,604.4827497923544,608.7302015034903,599.4028289554077,601.238037109375,441700,0.0,0.0
2023-05-10 00:00:00-04:00,609.1654791842506,610.1114617413383,590.7661069012565,595.1932983398438,622400,0.0,0.0
2023-05-11 00:00:00-04:00,596.1297940693245,608.7302882828365,593.7175501682714,607.3397216796875,726100,0.0,0.0
2023-05-12 00:00:00-04:00,611.6345123261374,616.0238854816055,608.2195289706177,610.2533569335938,906200,0.0,0.0
2023-05-15 00:00:00-04:00,610.3290678494461,615.1346757887824,607.9830493972936,609.9223022460938,501900,0.0,0.0
2023-05-16 00:00:00-04:00,607.8789798387019,609.1370951158871,599.0245388872221,599.5921630859375,362700,0.0,0.0
2023-05-17 00:00:00-04:00,605.6464292991515,616.4211851086819,604.0383050490575,615.494140625,478300,0.0,0.0
2023-05-18 00:00:00-04:00,615.4278581077816,636.8070400736822,614.3778313623853,633.1744995117188,1125900,0.0,0.0
2023-05-19 00:00:00-04:00,637.0624360385045,639.9855472716253,626.9120626254517,630.6865234375,1362000,0.0,0.0
2023-05-22 00:00:00-04:00,630.3366212233614,639.2666995488797,630.2987449657625,635.123291015625,648800,0.0,0.0
2023-05-23 00:00:00-04:00,630.5164038790863,635.6719633724439,623.6769097373416,625.7959594726562,713300,0.0,0.0
2023-05-24 00:00:00-04:00,617.7361560579475,621.0470954216164,613.4224773679526,619.61865234375,554500,0.0,0.0
2023-05-25 00:00:00-04:00,619.9213935202922,627.3000470758309,618.1051228923601,624.8405151367188,522800,0.0,0.0
2023-05-26 00:00:00-04:00,628.9648953263597,638.7747299514306,626.9688859622046,635.9840698242188,533900,0.0,0.0
2023-05-30 00:00:00-04:00,640.9410616526644,643.9209300850177,632.7583464017142,637.1950073242188,504200,0.0,0.0
2023-05-31 00:00:00-04:00,635.5110742766757,638.1692829691817,620.9051011944069,622.0308227539062,1898400,0.0,0.0
2023-06-01 00:00:00-04:00,627.7257125400967,635.1800604239455,624.6985565194444,632.7110595703125,569800,0.0,0.0
2023-06-02 00:00:00-04:00,639.6451269480634,647.9981706281127,639.6451269480634,645.0277709960938,559800,0.0,0.0
2023-06-05 00:00:00-04:00,644.6399098271902,646.0683529143039,637.8004157782724,639.9478149414062,551600,0.0,0.0
2023-06-06 00:00:00-04:00,636.9679267326666,648.5750935616635,636.9679267326666,647.92236328125,748600,0.0,0.0
2023-06-07 00:00:00-04:00,647.0457324974892,648.0272878154426,638.6503402683267,646.3119506835938,534100,5.0,0.0
2023-06-08 00:00:00-04:00,643.5388614273983,649.8092171998401,634.6670004373938,648.5513305664062,521800,0.0,0.0
2023-06-09 00:00:00-04:00,650.2762331790804,654.1451642338216,645.3971888389968,652.191650390625,465300,0.0,0.0
2023-06-12 00:00:00-04:00,652.3917596579057,656.6895252032906,650.1523755699338,650.2667236328125,435000,0.0,0.0
2023-06-13 00:00:00-04:00,653.0778887318636,660.4727068018398,652.7634024859586,656.6609497070312,624000,0.0,0.0
2023-06-14 00:00:00-04:00,658.214107638697,671.9840901115323,657.5566354556131,659.8627319335938,678000,0.0,0.0
2023-06-15 00:00:00-04:00,660.5107457419756,679.1978693079791,659.2623977289744,677.7208251953125,644400,0.0,0.0
2023-06-16 00:00:00-04:00,681.780388888831,682.647538003055,669.2968499838058,669.7066650390625,1281900,0.0,0.0
2023-06-20 00:00:00-04:00,662.9503335496663,663.6841154112576,655.1457584785157,658.4334106445312,698100,0.0,0.0
2023-06-21 00:00:00-04:00,658.214089943388,663.38860061817,654.0974440726089,656.6131591796875,489300,0.0,0.0
2023-06-22 00:00:00-04:00,652.20102934774,652.2963581562173,643.5864807495865,647.4077758789062,361200,0.0,0.0
2023-06-23 00:00:00-04:00,638.802769417266,650.7907608381421,638.4692639624028,648.427490234375,686000,0.0,0.0
2023-06-26 00:00:00-04:00,646.1690341585809,652.7538184913005,646.1690341585809,648.16064453125,403800,0.0,0.0
2023-06-27 00:00:00-04:00,651.2672107502576,655.9461746517006,645.8640619354953,652.4202880859375,528600,0.0,0.0
2023-06-28 00:00:00-04:00,652.4202985748467,653.4971245085662,648.1129948399685,652.9729614257812,368100,0.0,0.0
2023-06-29 00:00:00-04:00,654.3833182194253,658.3951547694221,649.8854152398251,655.822265625,524700,0.0,0.0
2023-06-30 00:00:00-04:00,662.4069977114117,663.2265113476268,657.9567885667896,658.6143188476562,921900,0.0,0.0
2023-07-03 00:00:00-04:00,657.5279759125947,669.1156897225587,657.2802024417123,660.9395141601562,376900,0.0,0.0
2023-07-05 00:00:00-04:00,659.1194115205245,667.6577673198902,653.5923760333934,660.224853515625,681400,0.0,0.0
2023-07-06 00:00:00-04:00,652.7632771618236,654.1926857979444,643.043286803645,648.5989379882812,675300,0.0,0.0
2023-07-07 00:00:00-04:00,646.3596455762791,659.42440512937,646.0356206480868,651.9057006835938,435200,0.0,0.0
2023-07-10 00:00:00-04:00,661.1778695246846,671.7554721491267,660.1772949244478,663.40771484375,568600,0.0,0.0
2023-07-11 00:00:00-04:00,666.9812825806761,677.5303279909607,666.8097604800374,676.7775268554688,504900,0.0,0.0
2023-07-12 00:00:00-04:00,688.6605584688649,692.7868015089639,685.0298624270835,691.8338623046875,642000,0.0,0.0
2023-07-13 00:00:00-04:00,698.3805136375997,705.5561733904824,693.2155997048131,704.984375,928100,0.0,0.0
2023-07-14 00:00:00-04:00,708.0338438557068,708.9867830802771,688.4127996301754,693.7683715820312,1064100,0.0,0.0
2023-07-17 00:00:00-04:00,690.45220114448,698.5045503630815,686.5928083718966,693.615966796875,648400,0.0,0.0
2023-07-18 00:00:00-04:00,691.3764457843473,705.9659421622231,689.1941778591128,704.1553344726562,790000,0.0,0.0
2023-07-19 00:00:00-04:00,705.136867965127,717.5155381050973,705.136867965127,712.1314086914062,718900,0.0,0.0
2023-07-20 00:00:00-04:00,709.0058200017062,717.9157779776758,707.5573338509552,715.54296875,621600,0.0,0.0
2023-07-21 00:00:00-04:00,717.7918580563838,720.7269268504298,714.4661098122536,715.857421875,512300,0.0,0.0
2023-07-24 00:00:00-04:00,716.3244442975724,721.3845493775409,715.171366868977,720.9747924804688,385400,0.0,0.0
2023-07-25 00:00:00-04:00,717.1344060929492,717.5441629824219,707.2810470233173,710.9117431640625,610700,0.0,0.0
2023-07-26 00:00:00-04:00,708.2720083750461,714.5804607626457,706.1374340298846,708.1862182617188,552800,0.0,0.0
2023-07-27 00:00:00-04:00,711.0069389102824,712.7889304300778,694.1208854474879,694.7593383789062,555200,0.0,0.0
2023-07-28 00:00:00-04:00,703.4597142041873,711.1308629694907,700.2006784946525,703.5931396484375,522800,0.0,0.0
2023-07-31 00:00:00-04:00,705.1654662047989,708.3387700124434,700.9915878741075,704.0791015625,367700,0.0,0.0
2023-08-01 00:00:00-04:00,698.8093685784484,701.2774484909771,696.1220731031558,697.7992553710938,359600,0.0,0.0
2023-08-02 00:00:00-04:00,688.4414542016474,689.7278989615982,679.7030173095344,683.6767578125,649200,0.0,0.0
2023-08-03 00:00:00-04:00,677.0441881066132,679.3312653297926,672.4129178006044,676.748779296875,585500,0.0,0.0
2023-08-04 00:00:00-04:00,676.6535605551807,687.0120052485134,675.7101600311548,676.8536987304688,475100,0.0,0.0
2023-08-07 00:00:00-04:00,679.741027733314,685.0012704918934,678.1496356267518,679.0167846679688,387900,0.0,0.0
2023-08-08 00:00:00-04:00,670.2878768642162,670.2878768642162,655.1647373379011,664.1795043945312,676900,0.0,0.0
2023-08-09 00:00:00-04:00,662.5405153239742,667.0288217170587,658.4809850392484,659.5197143554688,447400,0.0,0.0
2023-08-10 00:00:00-04:00,664.2176685804111,672.8608336977506,661.8829560175751,664.2081298828125,496900,0.0,0.0
2023-08-11 00:00:00-04:00,661.1205261319594,665.4373096715134,657.794778240022,662.8739013671875,381100,0.0,0.0
2023-08-14 00:00:00-04:00,660.205781347621,661.5017646544637,656.232041310515,660.3201293945312,395000,0.0,0.0
2023-08-15 00:00:00-04:00,652.753808875557,653.8210961192962,638.945729267238,641.1565551757812,519700,0.0,0.0
2023-08-16 00:00:00-04:00,638.4693680213692,644.6253771949304,638.4693680213692,640.6039428710938,494700,0.0,0.0
2023-08-17 00:00:00-04:00,642.9576136142414,648.9992154305386,640.8420583948007,642.281005859375,471200,0.0,0.0
2023-08-18 00:00:00-04:00,633.923685401867,643.529328217311,633.923685401867,638.7074584960938,530500,0.0,0.0
2023-08-21 00:00:00-04:00,640.5657760542603,645.0922374958001,635.1340106918532,639.9844970703125,434300,0.0,0.0
2023-08-22 00:00:00-04:00,639.9844047850778,643.0052054890939,633.3328502225888,634.5050048828125,332500,0.0,0.0
2023-08-23 00:00:00-04:00,636.9446236632134,648.3131820378808,635.7248334941592,646.8265991210938,386800,0.0,0.0
2023-08-24 00:00:00-04:00,646.8361016281864,656.1748942066511,641.2994690096552,641.4805297851562,317900,0.0,0.0
2023-08-25 00:00:00-04:00,644.1869003403995,650.0951350234174,639.6699778304501,644.1488037109375,275200,0.0,0.0
2023-08-28 00:00:00-04:00,649.246941309724,651.3719769083567,642.8813150481641,647.045654296875,430900,0.0,0.0
2023-08-29 00:00:00-04:00,646.7121310009975,658.9192783099338,644.7109240319411,658.509521484375,502600,0.0,0.0
2023-08-30 00:00:00-04:00,659.2243214191659,666.5809842781907,657.3470009114278,663.0646362304688,483900,0.0,0.0
2023-08-31 00:00:00-04:00,665.0276292452837,671.2884463394699,661.1491599877229,667.5719604492188,617100,0.0,0.0
2023-09-01 00:00:00-04:00,671.0597760777713,673.7184554271558,668.3915580306269,672.9561157226562,454500,0.0,0.0
2023-09-05 00:00:00-04:00,672.3653645925123,674.9573314767384,662.7597205099156,663.1790161132812,556800,0.0,0.0
2023-09-06 00:00:00-04:00,660.3486727323202,666.4093512019751,656.2891430259034,661.51123046875,426600,0.0,0.0
2023-09-07 00:00:00-04:00,655.2722256901876,664.841987448898,652.651846600364,663.3157958984375,453000,5.0,0.0
2023-09-08 00:00:00-04:00,664.3908615811855,665.7058551463009,659.1500445378584,662.8934936523438,352400,0.0,0.0
2023-09-11 00:00:00-04:00,667.5392537470478,669.9292778611263,664.2085340451728,667.9903564453125,563500,0.0,0.0
2023-09-12 00:00:00-04:00,665.5139489590945,674.5173733632573,664.2949756793518,669.3438110351562,404000,0.0,0.0
2023-09-13 00:00:00-04:00,670.7835055595247,675.947459333155,666.1377925832343,669.2380981445312,645200,0.0,0.0
2023-09-14 00:00:00-04:00,675.4580125674748,680.593201443188,670.2939999880305,678.4335327148438,660100,0.0,0.0
2023-09-15 00:00:00-04:00,673.6823066024385,676.8402599701988,667.414497961956,669.4109497070312,2810100,0.0,0.0
2023-09-18 00:00:00-04:00,668.3647089391092,671.3978180107786,662.3560210356324,666.9921264648438,494400,0.0,0.0
2023-09-19 00:00:00-04:00,665.8114934014774,667.644845128348,658.132670702417,661.3002319335938,428100,0.0,0.0
2023-09-20 00:00:00-04:00,663.2582728054026,666.800131916741,655.2626827222633,656.0401611328125,334100,0.0,0.0
2023-09-21 00:00:00-04:00,649.5708037674976,649.5708037674976,638.9260685433244,641.9783935546875,547700,0.0,0.0
2023-09-22 00:00:00-04:00,644.0516270704834,644.7523008740731,632.8597690925269,633.5988159179688,468300,0.0,0.0
2023-09-25 00:00:00-04:00,628.7227870115161,633.474011407038,626.8126893519402,631.1511840820312,458300,0.0,0.0
2023-09-26 00:00:00-04:00,625.9392100555804,628.2140565295354,619.8921490667786,620.7559814453125,589000,0.0,0.0
2023-09-27 00:00:00-04:00,621.677378264359,622.4164835768794,614.603268682333,617.5596313476562,548800,0.0,0.0
2023-09-28 00:00:00-04:00,617.2046039929713,621.5430990769655,614.9489146240019,619.33544921875,696100,0.0,0.0
2023-09-29 00:00:00-04:00,626.591886012032,630.4505129528922,619.6233454229175,620.5352172851562,539900,0.0,0.0
2023-10-02 00:00:00-04:00,618.8267513215521,620.3049036183814,613.0963993493847,617.2237548828125,569000,0.0,0.0
2023-10-03 00:00:00-04:00,612.126936112989,612.126936112989,598.5642107259529,600.359130859375,678600,0.0,0.0
2023-10-04 00:00:00-04:00,603.7761417320028,612.741132693087,600.2726561187425,610.9750366210938,546700,0.0,0.0
2023-10-05 00:00:00-04:00,608.2107638867375,617.0605787818706,606.6365911988504,614.59375,496900,0.0,0.0
2023-10-06 00:00:00-04:00,609.5256902769435,625.3536521854307,609.0649211357658,622.234130859375,608300,0.0,0.0
2023-10-09 00:00:00-04:00,615.7455124527386,621.8501616179603,614.7856597443165,617.7803955078125,536100,0.0,0.0
2023-10-10 00:00:00-04:00,617.7804279378523,623.3284050044545,615.9375270446727,616.177490234375,626700,0.0,0.0
2023-10-11 00:00:00-04:00,619.7193233118221,622.5988814676898,612.4819963191611,616.8685302734375,515000,0.0,0.0
2023-10-12 00:00:00-04:00,617.4060747734704,618.4043591424938,606.6845358010168,610.6295166015625,744200,0.0,0.0
2023-10-13 00:00:00-04:00,602.9506548565996,610.475925810647,595.1086746922108,602.4611206054688,1263400,0.0,0.0
2023-10-16 00:00:00-04:00,605.1968013631223,615.8607519647252,603.1906832236768,609.9384765625,695400,0.0,0.0
2023-10-17 00:00:00-04:00,605.9550353658047,614.1809805450326,604.400078582169,610.5623168945312,578500,0.0,0.0
2023-10-18 00:00:00-04:00,609.5064806491071,609.5064806491071,590.7413715838702,591.9315795898438,664500,0.0,0.0
2023-10-19 00:00:00-04:00,600.5318960290605,604.2273056799335,594.2544215544364,597.5179443359375,1040800,0.0,0.0
2023-10-20 00:00:00-04:00,598.2282452752926,600.9350371456991,588.5049319248311,590.1463012695312,850300,0.0,0.0
2023-10-23 00:00:00-04:00,586.8923983474161,594.5999858669707,585.942153449024,590.05029296875,469500,0.0,0.0
2023-10-24 00:00:00-04:00,592.4884080465445,595.5119094782037,586.2397564024363,587.8043212890625,657200,0.0,0.0
2023-10-25 00:00:00-04:00,583.8304344107206,587.0363683687507,579.2615259532375,584.2431640625,562000,0.0,0.0
2023-10-26 00:00:00-04:00,582.8129315372008,593.0833665851914,582.141022966817,582.69775390625,856400,0.0,0.0
2023-10-27 00:00:00-04:00,582.6979159862714,584.5216013734291,572.2451036843197,574.06884765625,543000,0.0,0.0
2023-10-30 00:00:00-04:00,578.6376493269411,586.1724698729726,576.16121286356,582.7457885742188,528100,0.0,0.0
2023-10-31 00:00:00-04:00,584.5023433748462,588.2649497481863,580.1445743989875,587.6986694335938,508900,0.0,0.0
2023-11-01 00:00:00-04:00,589.8199090306352,593.1601778651587,583.2737062226372,591.4708862304688,537100,0.0,0.0
2023-11-02 00:00:00-04:00,598.7273580086143,619.2394062259776,598.7273580086143,618.615478515625,1174000,0.0,0.0
2023-11-03 00:00:00-04:00,628.5308201075046,635.5761068809703,627.9933048806877,631.5543212890625,894200,0.0,0.0
2023-11-06 00:00:00-05:00,630.2585179525331,633.7523960779475,624.2498302692604,626.9949951171875,469400,0.0,0.0
2023-11-07 00:00:00-05:00,626.6110615910385,627.2637544124364,620.9382991912579,622.5509033203125,440800,0.0,0.0
2023-11-08 00:00:00-05:00,622.3973198536918,629.3370365805127,622.3973198536918,628.6555786132812,482200,0.0,0.0
2023-11-09 00:00:00-05:00,630.364096482365,634.0787220484094,624.5090179673725,625.6512451171875,437100,0.0,0.0
2023-11-10 00:00:00-05:00,630.2201796989356,638.734069508527,627.6285653731653,638.3021240234375,522700,0.0,0.0
2023-11-13 00:00:00-05:00,634.2899413628227,637.6974071236712,631.717542860457,634.8946533203125,356400,0.0,0.0
2023-11-14 00:00:00-05:00,645.9808811644109,671.0042486283953,645.9808811644109,669.353271484375,1011000,0.0,0.0
2023-11-15 00:00:00-05:00,670.1404687045012,682.7625575081236,669.6893659716728,680.3821411132812,747400,0.0,0.0
2023-11-16 00:00:00-05:00,680.8619517083305,686.3906541442441,680.2956128282934,686.19873046875,558900,0.0,0.0
2023-11-17 00:00:00-05:00,690.9403567869774,691.9002094361907,684.9988665449571,688.0799560546875,715600,0.0,0.0
2023-11-20 00:00:00-05:00,685.7092425826216,692.6873324659423,683.5207501202855,691.97705078125,668300,0.0,0.0
2023-11-21 00:00:00-05:00,690.9020162801787,697.4290034384419,689.8749667799362,695.5477294921875,642900,0.0,0.0
2023-11-22 00:00:00-05:00,697.8129332179009,700.9612782862544,696.8338646882708,697.9473266601562,498100,0.0,0.0
2023-11-24 00:00:00-05:00,697.5441452462501,701.4027719537092,697.467399209162,700.7884521484375,279600,0.0,0.0
2023-11-27 00:00:00-05:00,698.0048244628637,702.6600861524739,695.4515837319911,701.3450927734375,868100,0.0,0.0
2023-11-28 00:00:00-05:00,696.7186733458176,709.1679934465416,696.7186733458176,707.1810913085938,610200,0.0,0.0
2023-11-29 00:00:00-05:00,712.4795524956688,721.1086196486613,712.4795524956688,717.2979736328125,750000,0.0,0.0
2023-11-30 00:00:00-05:00,718.1234353434306,721.7037260765748,714.7927742932333,721.0701904296875,961300,0.0,0.0
2023-12-01 00:00:00-05:00,719.8895774851562,730.812706694312,718.6033489960867,725.984619140625,746700,0.0,0.0
2023-12-04 00:00:00-05:00,721.6557100963603,727.4915725767755,719.4096289066015,726.0614013671875,767900,0.0,0.0
2023-12-05 00:00:00-05:00,725.2839193794309,725.2839193794309,718.1426126832538,724.0169067382812,860700,0.0,0.0
2023-12-06 00:00:00-05:00,729.0608560166083,731.0610167448725,717.4077892774528,717.9971923828125,624800,5.0,0.0
2023-12-07 00:00:00-05:00,720.287109375,724.5869677389036,717.5429116829346,720.287109375,784300,0.0,0.0
2023-12-08 00:00:00-05:00,718.0744904290412,722.557881691927,717.1758187979939,719.6011352539062,456000,0.0,0.0
2023-12-11 00:00:00-05:00,720.6349625406656,729.7467653428894,719.2049200532492,727.0219116210938,781300,0.0,0.0
2023-12-12 00:00:00-05:00,729.5245754351193,733.814762052335,727.2731784440931,733.6697998046875,607600,0.0,0.0
2023-12-13 00:00:00-05:00,733.3896107893094,750.9658411065155,729.3409885762537,747.3327026367188,600000,0.0,0.0
2023-12-14 00:00:00-05:00,756.512121110432,780.3496816505976,755.5555354398203,779.8955688476562,1197400,0.0,0.0
2023-12-15 00:00:00-05:00,765.1794323407031,791.364990234375,762.8313744271194,791.364990234375,2702600,0.0,0.0
2023-12-18 00:00:00-05:00,784.6013760728608,787.5001496297803,768.9479870703561,769.56640625,916300,0.0,0.0
2023-12-19 00:00:00-05:00,774.0400620816868,786.9395787741721,771.9916004776856,774.339599609375,756400,0.0,0.0
2023-12-20 00:00:00-05:00,770.8417548577195,778.2335909029053,762.222752657063,762.5995483398438,547900,0.0,0.0
2023-12-21 00:00:00-05:00,768.1749632269092,772.397505162063,764.9476361742342,772.1365966796875,341100,0.0,0.0
2023-12-22 00:00:00-05:00,774.9194486808,780.2725548935927,773.1512392846257,775.3446044921875,426300,0.0,0.0
2023-12-26 00:00:00-05:00,776.3301069740788,781.7990997344746,776.3301069740788,779.3931274414062,280600,0.0,0.0
2023-12-27 00:00:00-05:00,781.8667340643985,785.80908203125,781.3449761326629,785.80908203125,298000,0.0,0.0
2023-12-28 00:00:00-05:00,782.5527540970875,790.0315789082657,782.5527540970875,786.9298706054688,311500,0.0,0.0
2023-12-29 00:00:00-05:00,785.1809533195943,788.6305002533937,781.3546107187683,784.407958984375,318500,0.0,0.0
2024-01-02 00:00:00-05:00,777.0160866853581,780.8714451429865,768.5902895935923,773.2959594726562,660000,0.0,0.0
2024-01-03 00:00:00-05:00,765.6722795332967,765.6722795332967,755.9324438528334,757.6910400390625,638700,0.0,0.0
2024-01-04 00:00:00-05:00,756.8310621195571,765.7496023672549,756.3189171987045,759.4302978515625,580200,0.0,0.0
2024-01-05 00:00:00-05:00,756.3961833176434,762.145428393879,755.0917590206112,756.41552734375,471000,0.0,0.0
2024-01-08 00:00:00-05:00,757.9616173964222,771.0834151524946,756.4928866325073,770.2910766601562,513200,0.0,0.0
2024-01-09 00:00:00-05:00,765.9042842361704,768.3102567706743,760.5801942144803,767.711181640625,454700,0.0,0.0
2024-01-10 00:00:00-05:00,768.0686227727283,772.0882289886962,761.2854746216102,765.6239624023438,510800,0.0,0.0
2024-01-11 00:00:00-05:00,770.0687961403407,772.9868544360686,760.5221648712642,765.8655395507812,735800,0.0,0.0
2024-01-12 00:00:00-05:00,758.5122901572945,775.267224528671,756.3478823577967,772.61962890625,880500,0.0,0.0
2024-01-16 00:00:00-05:00,776.6683577099311,781.6929102066147,762.0488720660363,764.6771240234375,895200,0.0,0.0
2024-01-17 00:00:00-05:00,748.2410273987474,761.3434804492833,742.424136729654,760.8603515625,617100,0.0,0.0
2024-01-18 00:00:00-05:00,767.7496942595791,769.131435654814,758.5702463665607,768.4260864257812,506700,0.0,0.0
2024-01-19 00:00:00-05:00,770.8321703710176,781.5383234529509,767.2570046675452,778.2626953125,681500,0.0,0.0
2024-01-22 00:00:00-05:00,779.199916509983,780.0599000950706,766.7352264359876,767.22802734375,760500,0.0,0.0
2024-01-23 00:00:00-05:00,766.5032639047008,768.7449888438928,761.8748517811633,765.8171997070312,718300,0.0,0.0
2024-01-24 00:00:00-05:00,770.9383662854397,770.9383662854397,758.6958975503817,759.2369995117188,659700,0.0,0.0
2024-01-25 00:00:00-05:00,764.2324656662278,768.0782111243113,760.9182090834261,763.7880249023438,723800,0.0,0.0
2024-01-26 00:00:00-05:00,764.6287270394824,766.5129413614125,758.9857560868635,760.7346801757812,687900,0.0,0.0
2024-01-29 00:00:00-05:00,760.7444119429941,765.7399481624481,754.7826179415966,762.0875244140625,622200,0.0,0.0
2024-01-30 00:00:00-05:00,756.5604222021071,758.3383622891618,752.782380608688,755.3526000976562,936600,0.0,0.0
2024-01-31 00:00:00-05:00,753.1688470883081,758.9084200784774,746.2890971104492,748.1829833984375,730800,0.0,0.0
2024-02-01 00:00:00-05:00,750.2894238551842,759.0437161626934,739.7958795017789,758.4446411132812,626600,0.0,0.0
2024-02-02 00:00:00-05:00,754.309101233656,765.6046561676546,751.0334734585193,761.4110717773438,509600,0.0,0.0
2024-02-05 00:00:00-05:00,755.8164489167401,760.6766944300213,750.9271873644285,756.7440185546875,501100,0.0,0.0
2024-02-06 00:00:00-05:00,758.4446494427219,761.4110676590348,752.4828559464529,761.3917236328125,666300,0.0,0.0
2024-02-07 00:00:00-05:00,763.3436474323108,772.4747952631907,759.9907612386315,767.8850708007812,700600,0.0,0.0
2024-02-08 00:00:00-05:00,767.2665753654953,771.9819175886454,760.9279273078379,766.4356079101562,545500,0.0,0.0
2024-02-09 00:00:00-05:00,767.430875564852,773.7888680867538,765.0539192391707,770.3103637695312,536600,0.0,0.0
2024-02-12 00:00:00-05:00,771.3925910318698,781.2097441402341,770.7258708037679,774.7068481445312,499300,0.0,0.0
2024-02-13 00:00:00-05:00,758.7538855618483,764.5320879384774,744.0184551195456,751.816162109375,637400,0.0,0.0
2024-02-14 00:00:00-05:00,758.6088792270558,761.6816305409706,752.8693062620737,758.8988037109375,420900,0.0,0.0
2024-02-15 00:00:00-05:00,761.7975967917388,775.4024627902728,761.7975967917388,771.1219482421875,508200,0.0,0.0
2024-02-16 00:00:00-05:00,768.2618650123571,771.0736489860477,764.4354632673434,767.2086181640625,393700,0.0,0.0
2024-02-20 00:00:00-05:00,762.647918469979,774.4845754921766,760.9955965442032,771.179931640625,582200,0.0,0.0
2024-02-21 00:00:00-05:00,771.8563730688984,778.8617419574357,768.5807450482295,778.2723388671875,419400,0.0,0.0
2024-02-22 00:00:00-05:00,783.6736336816635,788.78517472371,780.8135485979561,785.99267578125,549600,0.0,0.0
2024-02-23 00:00:00-05:00,789.490520214392,795.9161575602224,784.6012585729527,786.1376342773438,492500,0.0,0.0
2024-02-26 00:00:00-05:00,783.5866124801589,787.3260246739374,776.2430193350766,778.8326416015625,577800,0.0,0.0
2024-02-27 00:00:00-05:00,780.0888819358322,782.5431553773606,768.4358158878925,773.5279541015625,555900,0.0,0.0
2024-02-28 00:00:00-05:00,771.8273800860943,785.6834829475523,770.4166225650089,782.3402099609375,513000,0.0,0.0
2024-02-29 00:00:00-05:00,785.9539893594634,787.4613489215079,780.1467714966597,783.9635009765625,758800,0.0,0.0
2024-03-01 00:00:00-05:00,783.9635853333577,787.8382293539728,778.0404206342535,787.3358154296875,431300,0.0,0.0
2024-03-04 00:00:00-05:00,788.4372815403835,813.5503691609816,788.4372815403835,806.3130493164062,858900,0.0,0.0
2024-03-05 00:00:00-05:00,804.2066256805872,811.463230676308,795.5876232334982,799.0371704101562,497600,0.0,0.0
2024-03-06 00:00:00-05:00,802.9358773594805,809.2944559849602,797.6760097543341,807.3596801757812,538000,5.1,0.0
2024-03-07 00:00:00-05:00,814.739051978089,815.9349053089632,806.6110234583477,808.6235961914062,384700,0.0,0.0
2024-03-08 00:00:00-05:00,812.658370904106,821.5545175228247,810.5874654202951,812.9208984375,396200,0.0,0.0
2024-03-11 00:00:00-04:00,812.463946255981,812.8722762536794,799.4551851114619,802.2649536132812,428600,0.0,0.0
2024-03-12 00:00:00-04:00,807.0874683410697,811.1223460907936,799.4358342732855,806.5722045898438,438600,0.0,0.0
2024-03-13 00:00:00-04:00,806.16372061889,808.5457544564513,800.3691255622106,803.0719604492188,510800,0.0,0.0
2024-03-14 00:00:00-04:00,802.1094729084423,802.3914051783426,778.405917919281,786.3589477539062,859000,0.0,0.0
2024-03-15 00:00:00-04:00,779.3490458386868,791.2202282231503,776.1892205987049,780.2532348632812,1576700,0.0,0.0
2024-03-18 00:00:00-04:00,783.8311878253113,783.8992527264128,771.8044105748932,778.0462646484375,634800,0.0,0.0
2024-03-19 00:00:00-04:00,774.2155151657438,781.5657524130763,770.8223584861665,780.039306640625,593900,0.0,0.0
2024-03-20 00:00:00-04:00,781.7990297599673,796.5092352705666,778.4739382057481,795.1967163085938,451400,0.0,0.0
2024-03-21 00:00:00-04:00,800.6802722832307,821.2045376019042,799.4065627228807,818.6961059570312,643300,0.0,0.0
2024-03-22 00:00:00-04:00,817.4906067022504,818.948987686732,799.6400376941966,801.9442749023438,615100,0.0,0.0
2024-03-25 00:00:00-04:00,797.6759693827826,804.0442203781682,792.5521724863041,793.5633544921875,378100,0.0,0.0
2024-03-26 00:00:00-04:00,796.7328412837816,801.0205140329443,795.2355917040472,797.442626953125,374000,0.0,0.0
2024-03-27 00:00:00-04:00,803.8595098923602,812.3278626952927,799.6690979714108,811.9486694335938,466500,0.0,0.0
2024-03-28 00:00:00-04:00,813.0180935718154,815.4098594281988,807.9624209778332,810.5680541992188,532100,0.0,0.0
2024-04-01 00:00:00-04:00,811.8125499146804,811.9486797039355,802.3428063360701,803.8303833007812,395900,0.0,0.0
2024-04-02 00:00:00-04:00,802.5956177179315,802.994215718153,787.5256818310412,793.932861328125,530700,0.0,0.0
2024-04-03 00:00:00-04:00,792.8244326017696,803.1594960190354,790.9868585398096,792.1924438476562,369600,0.0,0.0
2024-04-04 00:00:00-04:00,799.5621588292545,803.5873041759742,768.255571701992,770.1126098632812,1189400,0.0,0.0
2024-04-05 00:00:00-04:00,771.6098355843826,781.9546308957804,768.1972150414466,775.4307861328125,687300,0.0,0.0
2024-04-08 00:00:00-04:00,779.2809607171412,785.1338888112601,774.7210875770514,781.031005859375,760200,0.0,0.0
2024-04-09 00:00:00-04:00,783.8602796706554,783.8602796706554,772.1446314930314,781.594970703125,802100,0.0,0.0
2024-04-10 00:00:00-04:00,771.7652852014769,773.0681313407775,759.2523841481762,761.9066772460938,654400,0.0,0.0
2024-04-11 00:00:00-04:00,763.7053907966883,767.4194075839432,757.191278204819,764.1526489257812,812000,0.0,0.0
2024-04-12 00:00:00-04:00,763.7638103806496,780.7199216377057,740.9158425618625,742.2186889648438,1452900,0.0,0.0
2024-04-15 00:00:00-04:00,749.4035760155085,756.6274155045087,735.3253582736439,741.8200073242188,935200,0.0,0.0
2024-04-16 00:00:00-04:00,743.3853115422918,745.5728828271174,728.0139796879173,728.8695678710938,662900,0.0,0.0
2024-04-17 00:00:00-04:00,732.1459927429654,737.8434452083221,727.3236517909418,732.8751831054688,585800,0.0,0.0
2024-04-18 00:00:00-04:00,733.7989404507047,740.2935897486498,726.0598369481161,726.5653686523438,614900,0.0,0.0
2024-04-19 00:00:00-04:00,730.5418707002458,734.4697550853803,724.8638818252805,729.1709594726562,867800,0.0,0.0
2024-04-22 00:00:00-04:00,735.7530778345804,745.0380899415635,729.7250922859379,739.0198364257812,617200,0.0,0.0
2024-04-23 00:00:00-04:00,742.0825452314673,748.0716033390116,739.8269089894472,745.3493041992188,461000,0.0,0.0
2024-04-24 00:00:00-04:00,741.6353149414062,746.341050256985,738.3685558508425,741.6353149414062,751200,0.0,0.0
2024-04-25 00:00:00-04:00,733.3808805338958,739.5352647024334,727.2654245023405,736.6282348632812,510100,0.0,0.0
2024-04-26 00:00:00-04:00,738.6893782874108,746.1854180167171,736.7254063836654,741.7130737304688,447900,0.0,0.0
2024-04-29 00:00:00-04:00,742.1797160706187,748.0521675515504,734.878079853766,740.157470703125,483700,0.0,0.0
2024-04-30 00:00:00-04:00,737.0072876437297,740.3227065060489,732.8849408113047,733.70166015625,418600,0.0,0.0
2024-05-01 00:00:00-04:00,734.0517153519437,744.5812420037195,730.0849027115927,730.7266235351562,614800,0.0,0.0
2024-05-02 00:00:00-04:00,737.124065383378,739.9436257156633,728.0043774719007,735.9962768554688,632500,0.0,0.0
2024-05-03 00:00:00-04:00,744.4548500617651,750.1425118460992,741.5380882561228,742.7144775390625,558300,0.0,0.0
2024-05-06 00:00:00-04:00,747.4007356620118,753.6523212359865,744.5812349038057,753.1467895507812,450100,0.0,0.0
2024-05-07 00:00:00-04:00,758.8149153160892,764.4540349818694,755.130094677471,759.25244140625,777400,0.0,0.0
2024-05-08 00:00:00-04:00,756.4135146056444,757.6288319491625,752.4078333887422,756.734375,665700,0.0,0.0
2024-05-09 00:00:00-04:00,756.3162885039285,769.548649070365,756.3162885039285,767.2346801757812,654800,0.0,0.0
2024-05-10 00:00:00-04:00,770.5404047136082,777.0544583099346,770.1028785943272,774.5654907226562,607100,0.0,0.0
2024-05-13 00:00:00-04:00,776.83091448012,778.2795633866732,767.895898208991,768.4014892578125,416800,0.0,0.0
2024-05-14 00:00:00-04:00,770.5306969579742,781.0212954093394,770.1903724804024,780.6810302734375,492200,0.0,0.0
2024-05-15 00:00:00-04:00,786.6700577117512,795.4786755252993,785.2700097454144,793.0675048828125,667300,0.0,0.0
2024-05-16 00:00:00-04:00,788.877142768113,792.3869652679737,785.2505952005009,785.2992553710938,486300,0.0,0.0
2024-05-17 00:00:00-04:00,787.9437079071361,790.8799336254716,783.9380266533146,789.6840209960938,394400,0.0,0.0
2024-05-20 00:00:00-04:00,786.5339420163577,790.2576910736822,781.8865992262132,782.84912109375,366300,0.0,0.0
2024-05-21 00:00:00-04:00,782.2949171455155,784.2880257438374,778.026708343214,782.5963134765625,461800,0.0,0.0
2024-05-22 00:00:00-04:00,781.2448396814701,786.4269693336587,773.4765408906184,777.4238891601562,391600,0.0,0.0
2024-05-23 00:00:00-04:00,776.286420476202,776.286420476202,760.1178330763896,762.7817993164062,538300,0.0,0.0
2024-05-24 00:00:00-04:00,765.5332544669026,767.4874942340379,759.2524731237298,760.205322265625,429000,0.0,0.0
2024-05-28 00:00:00-04:00,760.2053408159013,761.897053090921,744.2408892058473,750.00634765625,636200,0.0,0.0
2024-05-29 00:00:00-04:00,742.1117380545162,744.6785028695143,735.3448881589255,735.5879516601562,574900,0.0,0.0
2024-05-30 00:00:00-04:00,734.0128579123786,741.2561023118466,732.9142062098409,740.7213745117188,650000,0.0,0.0
2024-05-31 00:00:00-04:00,741.88804372822,752.8064358176014,740.9352539146026,750.6091918945312,1616000,0.0,0.0
2024-06-03 00:00:00-04:00,757.8621377530317,758.0663324228369,747.3909448860895,755.8009643554688,571000,0.0,0.0
2024-06-04 00:00:00-04:00,755.8009866634113,765.0373984343853,753.127288519182,763.501220703125,666400,0.0,0.0
2024-06-05 00:00:00-04:00,766.8652404330828,767.1861008260464,757.813559271495,766.9916381835938,539800,0.0,0.0
2024-06-06 00:00:00-04:00,765.8346523362395,765.8346523362395,754.9843252700919,756.9288330078125,406300,0.0,0.0
2024-06-07 00:00:00-04:00,751.3113130575406,757.4964828346532,746.9269131073725,752.2899780273438,468100,5.1,0.0
2024-06-10 00:00:00-04:00,750.3815155943456,752.4562804029498,744.0299899529425,749.8236694335938,588900,0.0,0.0
2024-06-11 00:00:00-04:00,745.7524997091399,747.0834697259347,736.2496413929266,741.4659423828125,499000,0.0,0.0
2024-06-12 00:00:00-04:00,752.9358315690998,765.8640166534666,749.7454341087259,753.6796264648438,833200,0.0,0.0
2024-06-13 00:00:00-04:00,750.5968794387594,756.2633279039158,742.0237650578829,753.2882080078125,462500,0.0,0.0
2024-06-14 00:00:00-04:00,748.1892917270641,753.5425598842111,743.7755036142778,752.916259765625,376800,0.0,0.0
2024-06-17 00:00:00-04:00,750.8415111443867,767.2145556260971,749.7062264224586,764.4155883789062,541600,0.0,0.0
2024-06-18 00:00:00-04:00,762.3212528696789,767.3907299719983,760.4422329541896,766.9307861328125,479700,0.0,0.0
2024-06-20 00:00:00-04:00,765.3355187100148,767.3221773296734,760.9315268067647,766.1282348632812,496800,0.0,0.0
2024-06-21 00:00:00-04:00,766.9992839154438,774.2708172293512,763.2510400768474,770.7965087890625,873000,0.0,0.0
2024-06-24 00:00:00-04:00,771.7556676058243,789.2639391762947,771.7556676058243,781.9044189453125,528700,0.0,0.0
2024-06-25 00:00:00-04:00,777.5101030633497,778.2930230016194,771.7555489309759,777.4415893554688,394000,0.0,0.0
2024-06-26 00:00:00-04:00,772.440692804383,774.2414028441958,767.7822381309632,770.6497192382812,529000,0.0,0.0
2024-06-27 00:00:00-04:00,767.9093969187604,770.2581567143129,763.6913538129661,764.4644775390625,428400,0.0,0.0
2024-06-28 00:00:00-04:00,767.7528225283701,775.4255816736921,764.5330364915911,770.5224609375,769500,0.0,0.0
2024-07-01 00:00:00-04:00,773.9575692379182,777.1577627996884,761.0391807841524,765.5802001953125,543500,0.0,0.0
2024-07-02 00:00:00-04:00,765.9716871350357,772.8125456447407,765.9716871350357,772.2938842773438,367300,0.0,0.0
2024-07-03 00:00:00-04:00,772.2938538236713,773.7618512050502,769.2306278425566,772.2840576171875,250800,0.0,0.0
2024-07-05 00:00:00-04:00,774.2610002104343,774.3001253044309,766.1968106075024,773.7324829101562,341400,0.0,0.0
2024-07-08 00:00:00-04:00,773.7324641288408,776.3553386871463,768.995759352605,773.3312377929688,529600,0.0,0.0
2024-07-09 00:00:00-04:00,776.5804798805028,786.2496949360035,774.6329460722968,785.1633911132812,629500,0.0,0.0
2024-07-10 00:00:00-04:00,784.654384244582,794.9596946390594,784.654384244582,794.6759033203125,519000,0.0,0.0
2024-07-11 00:00:00-04:00,800.5184896501191,808.3086836613431,798.4045997748482,807.2713012695312,634100,0.0,0.0
2024-07-12 00:00:00-04:00,811.6949229936355,819.6710063565952,807.7900594688326,810.30517578125,677100,0.0,0.0
2024-07-15 00:00:00-04:00,812.272225135539,818.3693477097565,800.978454380982,805.4020385742188,888100,0.0,0.0
2024-07-16 00:00:00-04:00,806.9092600530566,827.490612847278,803.4350113893553,825.9345092773438,744600,0.0,0.0
2024-07-17 00:00:00-04:00,828.2539270470794,830.5146406802561,818.056255047461,823.1453247070312,692000,0.0,0.0
2024-07-18 00:00:00-04:00,817.3515783553208,833.7050909493814,811.1076912813256,811.313232421875,718000,0.0,0.0
2024-07-19 00:00:00-04:00,815.8835959894784,815.8835959894784,807.4573050661471,812.9769897460938,1036200,0.0,0.0
2024-07-22 00:00:00-04:00,818.7021190072734,827.461181903645,817.2243254350083,825.2493896484375,573200,0.0,0.0
2024-07-23 00:00:00-04:00,823.8498973397232,832.8340339566031,821.1194437717287,826.66845703125,701500,0.0,0.0
2024-07-24 00:00:00-04:00,826.0714610574669,828.1853508963706,808.4848222640609,809.9920043945312,660300,0.0,0.0
2024-07-25 00:00:00-04:00,807.3594251346183,830.4754855152111,804.8833742420983,818.6923217773438,587500,0.0,0.0
2024-07-26 00:00:00-04:00,824.0064798349953,839.3519984538879,823.1550461272246,837.9329223632812,555800,0.0,0.0
2024-07-29 00:00:00-04:00,839.6945588910129,846.7115701229473,834.1846702352699,843.7560424804688,612700,0.0,0.0
2024-07-30 00:00:00-04:00,849.6084601868264,855.245580203539,846.7213864597911,853.9733276367188,539600,0.0,0.0
2024-07-31 00:00:00-04:00,856.6449872467496,866.2162991289541,853.2979699365766,857.7998046875,656800,0.0,0.0
2024-08-01 00:00:00-04:00,861.2250987346922,865.7954470220657,841.9649809673084,846.8876342773438,586500,0.0,0.0
2024-08-02 00:00:00-04:00,836.7584844074016,839.8902240149346,821.3836374181071,827.9700927734375,479800,0.0,0.0
2024-08-05 00:00:00-04:00,807.095202136262,830.8082348228354,795.830758974739,813.0357055664062,1328800,0.0,0.0
2024-08-06 00:00:00-04:00,816.7154014120158,834.0475174997591,811.8024848005438,823.0180053710938,525100,0.0,0.0
2024-08-07 00:00:00-04:00,834.076999011952,838.1286862368212,820.5811711358198,821.9219970703125,750900,0.0,0.0
2024-08-08 00:00:00-04:00,828.1463403374769,837.5317042981078,825.6213678958085,836.5922241210938,381500,0.0,0.0
2024-08-09 00:00:00-04:00,835.2121747127684,843.8146773354116,831.6694125853035,837.9426879882812,290400,0.0,0.0
2024-08-12 00:00:00-04:00,835.9168440479241,838.7158112993126,817.6255948520896,820.3854370117188,510300,0.0,0.0
2024-08-13 00:00:00-04:00,826.4629518352766,837.9427322334898,825.6996242409858,836.3572998046875,385800,0.0,0.0
2024-08-14 00:00:00-04:00,837.7665303236838,841.2799038109833,833.2157147144588,839.2247314453125,325100,0.0,0.0
2024-08-15 00:00:00-04:00,846.0753562990373,857.1440533771187,844.61715522798,853.4544677734375,520800,0.0,0.0
2024-08-16 00:00:00-04:00,853.6404961819885,856.2045935529605,850.1662475823556,853.8753662109375,395200,0.0,0.0
2024-08-19 00:00:00-04:00,854.9519352602306,858.3087488523491,847.827225791513,851.64404296875,456000,0.0,0.0
2024-08-20 00:00:00-04:00,850.9002546672771,853.3860421420853,841.3876002704098,842.6011352539062,348700,0.0,0.0
2024-08-21 00:00:00-04:00,843.4916973035721,846.4668170551881,835.5449432024319,844.6759033203125,453700,0.0,0.0
2024-08-22 00:00:00-04:00,844.6758746665291,850.2052952488742,840.6535167217037,846.7799682617188,327400,0.0,0.0
2024-08-23 00:00:00-04:00,850.9491010063224,865.7856340927156,848.5318274590697,864.0045166015625,416300,0.0,0.0
2024-08-26 00:00:00-04:00,863.9262592879124,870.0331188664381,860.0311919985378,864.2981567382812,413800,0.0,0.0
2024-08-27 00:00:00-04:00,864.6504716719264,869.0544638875729,859.9528919218303,867.224365234375,300400,0.0,0.0
2024-08-28 00:00:00-04:00,867.5277099925454,876.335694028046,864.855973949659,869.7003173828125,441200,0.0,0.0
2024-08-29 00:00:00-04:00,869.7003016528098,879.4869504041355,865.9031368916219,875.77783203125,417900,0.0,0.0
2024-08-30 00:00:00-04:00,879.1249045268501,884.18464525757,870.9726686114816,882.56982421875,478200,0.0,0.0
2024-09-03 00:00:00-04:00,879.8882833528838,880.7984345673141,862.2135971552184,867.5179443359375,433500,0.0,0.0
2024-09-04 00:00:00-04:00,861.5481104983213,871.6968609960314,860.4226219409303,867.57666015625,356600,0.0,0.0
2024-09-05 00:00:00-04:00,870.7182520058581,870.7182520058581,854.5115621895104,857.9368896484375,426000,0.0,0.0
2024-09-06 00:00:00-04:00,859.4047842153018,865.8835408831329,842.7380927891965,848.4241333007812,748900,0.0,0.0
2024-09-09 00:00:00-04:00,859.8636471312141,870.2693590548743,857.3827976407788,864.293701171875,394800,5.1,0.0
2024-09-10 00:00:00-04:00,872.444907141098,872.444907141098,855.8076303156844,870.0921020507812,269900,0.0,0.0
2024-09-11 00:00:00-04:00,864.7859399401212,864.8351507461044,840.8833081167575,863.4864501953125,431900,0.0,0.0
2024-09-12 00:00:00-04:00,867.1387034022769,872.690991549345,860.7889479288965,871.3619995117188,479000,0.0,0.0
2024-09-13 00:00:00-04:00,874.33515912368,878.272984893054,868.9600053173617,871.9625854492188,406900,0.0,0.0
2024-09-16 00:00:00-04:00,874.5320378075222,881.974525898642,872.8190331734528,881.2656860351562,380900,0.0,0.0
2024-09-17 00:00:00-04:00,883.4019146980063,894.7527256797891,881.2755153404654,890.4605102539062,416900,0.0,0.0
2024-09-18 00:00:00-04:00,897.6371386084473,916.0366301220405,891.6713355540443,908.3677368164062,656300,0.0,0.0
2024-09-19 00:00:00-04:00,923.6662737947798,928.0766195088685,911.331005506814,920.3388061523438,625500,0.0,0.0
2024-09-20 00:00:00-04:00,916.2040543908154,917.3066407921265,910.2579591489987,914.353271484375,970100,0.0,0.0
2024-09-23 00:00:00-04:00,915.5148716421846,924.8574131689112,914.353220323175,923.0361328125,396500,0.0,0.0
2024-09-24 00:00:00-04:00,919.4822531604724,927.5153907329163,915.5444276651385,926.599853515625,366500,0.0,0.0
2024-09-25 00:00:00-04:00,928.0667347595278,928.1849248103977,920.0828075509438,922.23876953125,476800,0.0,0.0
2024-09-26 00:00:00-04:00,930.3113463308121,937.9408838271759,924.8082083308792,930.3310546875,459400,0.0,0.0
2024-09-27 00:00:00-04:00,930.7739746006381,935.5781266959902,927.456361300581,930.51806640625,472500,0.0,0.0
2024-09-30 00:00:00-04:00,929.612326969217,936.4838736082518,921.4216423818137,934.751220703125,362200,0.0,0.0
2024-10-01 00:00:00-04:00,930.6262980305171,930.6262980305171,904.6760426738147,919.501953125,543800,0.0,0.0
2024-10-02 00:00:00-04:00,925.2610532108175,942.4004731787095,918.4978423936774,942.3709106445312,368200,0.0,0.0
2024-10-03 00:00:00-04:00,938.7481256527946,943.7294727877223,934.7315265921029,936.700439453125,511100,0.0,0.0
2024-10-04 00:00:00-04:00,945.8066164407509,945.8066164407509,916.5584557370117,934.4361572265625,491700,0.0,0.0
2024-10-07 00:00:00-04:00,937.2024918087843,941.9475788621398,923.3807455985248,926.048583984375,561400,0.0,0.0
2024-10-08 00:00:00-04:00,936.7594868734503,940.5102633999211,927.6336167924891,934.3180541992188,389000,0.0,0.0
2024-10-09 00:00:00-04:00,935.2335585076371,947.982280611952,933.244937397673,941.0615234375,573200,0.0,0.0
2024-10-10 00:00:00-04:00,940.1558996338044,948.3564385982725,938.7973449405064,940.7367553710938,564400,0.0,0.0
2024-10-11 00:00:00-04:00,948.2382644243928,980.8040386594771,948.1791994442402,974.8677978515625,927500,0.0,0.0
2024-10-14 00:00:00-04:00,983.6392657695853,985.8838551606509,973.8144103109734,976.3050537109375,768400,0.0,0.0
2024-10-15 00:00:00-04:00,982.4874876111361,1000.6507202160268,980.6367047714456,991.3475952148438,618800,0.0,0.0
2024-10-16 00:00:00-04:00,988.5419384461962,1003.3776438235503,988.5419384461962,999.9616088867188,547100,0.0,0.0
2024-10-17 00:00:00-04:00,1007.689609839717,1015.9590681499377,986.0709844030198,986.9176025390625,684700,0.0,0.0
2024-10-18 00:00:00-04:00,993.7890338746541,993.7890338746541,982.8615917985281,991.3673095703125,505400,0.0,0.0
2024-10-21 00:00:00-04:00,989.3787018038047,992.903072610556,981.7098079254231,984.9782104492188,311200,0.0,0.0
2024-10-22 00:00:00-04:00,981.6112835678018,988.2662182895982,975.3895120553071,985.2537841796875,504400,0.0,0.0
2024-10-23 00:00:00-04:00,981.552185318809,992.9620607785852,967.3956982916505,972.8003540039062,441400,0.0,0.0
2024-10-24 00:00:00-04:00,975.6356294105451,976.6102916995685,967.947027484576,968.705078125,353600,0.0,0.0
2024-10-25 00:00:00-04:00,972.0029929782798,972.0029929782798,953.889031447695,958.929443359375,433500,0.0,0.0
2024-10-28 00:00:00-04:00,966.7361867897891,974.0703990021748,963.7926717615627,970.8905639648438,329400,0.0,0.0
2024-10-29 00:00:00-04:00,969.6895725589677,974.3854489045066,963.9108181872837,967.8880004882812,269500,0.0,0.0
2024-10-30 00:00:00-04:00,970.2015462757441,982.4875436256827,963.7435143243081,964.6393432617188,427900,0.0,0.0
2024-10-31 00:00:00-04:00,955.0802144648907,970.7429497633052,954.4698562911028,965.7813110351562,607800,0.0,0.0
2024-11-01 00:00:00-04:00,968.7051417973152,976.5512308217981,964.993721772317,969.7683715820312,792000,0.0,0.0
2024-11-04 00:00:00-05:00,963.9206345379353,976.5905833443006,960.878637885054,976.0885009765625,512500,0.0,0.0
2024-11-05 00:00:00-05:00,976.5807367542546,1001.8714237617618,976.5807367542546,998.5833129882812,424800,0.0,0.0
2024-11-06 00:00:00-05:00,1029.9973923836178,1041.0725272030318,984.4564283923552,1013.8128662109375,1266900,0.0,0.0
2024-11-07 00:00:00-05:00,1023.8248401523623,1028.70770562384,1016.3528494450362,1019.9559936523438,528700,0.0,0.0
2024-11-08 00:00:00-05:00,1024.799382267465,1034.1123011582386,1020.5564377635354,1023.1258544921875,454500,0.0,0.0
2024-11-11 00:00:00-05:00,1032.5273366033132,1051.7340900947772,1031.218052886712,1037.45947265625,681500,0.0,0.0
2024-11-12 00:00:00-05:00,1037.813855143163,1040.6490942901012,1017.5242238181261,1020.2413330078125,489900,0.0,0.0
2024-11-13 00:00:00-05:00,1022.2299811576855,1027.4279397601463,1010.2295153963285,1014.954833984375,408800,0.0,0.0
2024-11-14 00:00:00-05:00,1024.5335829602086,1042.431053212244,1021.0781313777508,1030.8045654296875,1048700,0.0,0.0
2024-11-15 00:00:00-05:00,1022.3481103108072,1036.1502081731653,1018.9222212896314,1031.090087890625,583400,0.0,0.0
2024-11-18 00:00:00-05:00,1022.4366853783861,1036.849141505405,1021.2750941223825,1033.649658203125,563200,0.0,0.0
2024-11-19 00:00:00-05:00,1025.8035693910329,1028.0777213593353,1011.6175190104473,1012.1294555664062,673500,0.0,0.0
2024-11-20 00:00:00-05:00,1016.303600292133,1020.585961849474,1002.1766741556596,1008.7430419921875,593700,0.0,0.0
2024-11-21 00:00:00-05:00,1018.6465515435497,1023.2735687272863,1008.6740034046413,1012.0211791992188,473100,0.0,0.0
2024-11-22 00:00:00-05:00,1016.9434896262726,1025.7444724052912,1012.5134357024408,1020.3496704101562,713000,0.0,0.0
2024-11-25 00:00:00-05:00,1032.537265524151,1032.694812203978,1014.5512270219706,1015.4569702148438,1463700,0.0,0.0
2024-11-26 00:00:00-05:00,1016.0082696858614,1022.1807103321539,1002.3735125745551,1010.5247802734375,772700,0.0,0.0
2024-11-27 00:00:00-05:00,1013.5471720347989,1017.9279551070551,1002.2160087530032,1003.6041259765625,481900,0.0,0.0
2024-11-29 00:00:00-05:00,1004.9528340434058,1013.3206537281964,1004.9528340434058,1006.9020385742188,390000,0.0,0.0
2024-12-02 00:00:00-05:00,1010.5937457618363,1017.5833620308152,997.1263295966512,1004.2537841796875,719600,0.0,0.0
2024-12-03 00:00:00-05:00,1015.0632569419007,1030.0270684059133,1005.1301241334065,1022.850341796875,941700,0.0,0.0
2024-12-04 00:00:00-05:00,1021.8657838683197,1023.2243385613036,996.7424363127941,1018.9124145507812,1029500,0.0,0.0
2024-12-05 00:00:00-05:00,1019.0113202282832,1046.3267451065155,1017.5570320856733,1033.6336669921875,880500,5.1,0.0
2024-12-06 00:00:00-05:00,1033.2775305114737,1041.9934772301074,1027.2722213633285,1031.7440185546875,550300,0.0,0.0
2024-12-09 00:00:00-05:00,1038.768218499772,1044.55578279897,1032.11994074857,1035.216552734375,742600,0.0,0.0
2024-12-10 00:00:00-05:00,1038.6593185468562,1053.4893847071987,1034.751508315286,1045.7923583984375,645000,0.0,0.0
2024-12-11 00:00:00-05:00,1049.819101200514,1070.9016898305233,1048.9682907171093,1053.8951416015625,1139700,0.0,0.0
2024-12-12 00:00:00-05:00,1056.793710805179,1062.591298320305,1040.0047881459734,1047.523681640625,687100,0.0,0.0
2024-12-13 00:00:00-05:00,1045.5847213722536,1050.115815501761,1041.1030213497047,1045.2681884765625,537300,0.0,0.0
2024-12-16 00:00:00-05:00,1048.0778305379595,1060.5433811582031,1045.2285514732193,1053.2916259765625,897800,0.0,0.0
2024-12-17 00:00:00-05:00,1044.753623970116,1048.4438102733966,1027.192993979691,1038.026123046875,990400,0.0,0.0
2024-12-18 00:00:00-05:00,1038.0261787583493,1049.6805306941994,1008.0890637327341,1009.4147338867188,864900,0.0,0.0
2024-12-19 00:00:00-05:00,1029.4190487286066,1029.775193513143,1004.1218395239833,1005.4871215820312,796300,0.0,0.0
2024-12-20 00:00:00-05:00,996.8898574735749,1025.7090845722162,991.2902082092959,1017.7152099609375,2079800,0.0,0.0
2024-12-23 00:00:00-05:00,1014.9451845194284,1030.2501119927442,1012.4421471422331,1028.6077880859375,488100,0.0,0.0
2024-12-24 00:00:00-05:00,1030.527192582804,1043.576416015625,1025.6102444204018,1043.576416015625,276600,0.0,0.0
2024-12-26 00:00:00-05:00,1033.851203161592,1046.207941373348,1033.851203161592,1043.0322265625,292100,0.0,0.0
2024-12-27 00:00:00-05:00,1036.8192315970111,1044.1797987076552,1029.1618167808153,1033.0400390625,337100,0.0,0.0
2024-12-30 00:00:00-05:00,1021.7913574305248,1024.9967813050282,1010.5821560765986,1016.46875,591700,0.0,0.0
